compound,name,smiles,mw,formula,volume,monomass,nrotb,tpsa,bioactivities,speciesName,stateName,cityName,iupac,inchi,inchikey,hba,hbd,logp,lipinski
http://nubbekg.aksw.org/data/compound/2528,"Quercetin-3-O-β-D-galactoside, Hyperin",O=C2C1=C(C=C(C=C1OC(C3=CC(O)=C(C=C3)O)=C2O[C@H](O[C@@H]([C@@H]([C@@H]4O)O)CO)[C@@H]4O)O)O,464.3763,C21H20O12,372.206,464.0955,4.0,210.503,Antioxidant,Cryptocarya aschersoniana | Cryptocarya mandioccana | Cryptocarya mandioccana Meissner | Cryptocarya moschata | Ocotea corymbosa | Ocotea elegans | Persea pyrifolia,SP,Araraquara  | Mogi Guacu  | Peruibe  | Sao Miguel Arcanjo  | Ubatuba ,"2-(3,4-dihydroxyphenyl)-5,7-dihydroxy-3-{[(2S,3R,4S,5R,6R)-3,4,5-trihydroxy-6-(hydroxymethyl)oxan-2-yl]oxy}-4H-chromen-4-one","1S/C21H20O12/c22-6-13-15(27)17(29)18(30)21(32-13)33-20-16(28)14-11(26)4-8(23)5-12(14)31-19(20)7-1-2-9(24)10(25)3-7/h1-5,13,15,17-18,21-27,29-30H,6H2/t13-,15+,17+,18-,21+/m1/s1
","OVSQVDMCBVZWGM-DTGCRPNFSA-N
",12.0,8.0,-0.364,2.0
http://nubbekg.aksw.org/data/compound/2723,"Methyl (3R,4R,5R)-3-{[(2E)-3-(3,4-dihydroxyphenyl)-2-propenoyl]oxy}-1,4,5-trihydroxycyclohexanecarboxylate",O=C(O[C@@H]2CC(O)(C(OC)=O)C[C@@H](O)[C@H]2O)/C=C/C1=CC(O)=C(O)C=C1,368.3353,C17H20O9,313.795,368.11072,6.0,153.75,Antioxidant,Chimarrhis turbinata,PA,Belem ,"methyl (3R,4R,5R)-3-{[(2E)-3-(3,4-dihydroxyphenyl)prop-2-enoyl]oxy}-1,4,5-trihydroxycyclohexane-1-carboxylate","1S/C17H20O9/c1-25-16(23)17(24)7-12(20)15(22)13(8-17)26-14(21)5-3-9-2-4-10(18)11(19)6-9/h2-6,12-13,15,18-20,22,24H,7-8H2,1H3/b5-3+/t12-,13-,15-,17?/m1/s1
","MZNIJRAPCCELQX-MHYYFZQMSA-N
",9.0,5.0,0.163,0.0
http://nubbekg.aksw.org/data/compound/2735,"Rutin, quercetin-3-O-rutinoside",OC1=CC(O)=C(C(C(O[C@@H]4O[C@H](CO[C@H]5[C@H](O)[C@H](O)[C@@H](O)[C@H](C)O5)[C@@H](O)[C@H](O)[C@H]4O)=C(C3=CC(O)=C(O)C=C3)O2)=O)C2=C1,610.5175,C27H30O16,496.068,610.1534,6.0,269.427,Antioxidant | Inhibition of Acetylcholinesterase | Inhibition of Myeloperoxidase,Chimarrhis turbinata | Khaya senegalensis | Maytenus ilicifolia | Phyllanthus niruri | Pterogyne nitens | Senna multijuga,MG | PA | SP,Araraquara  | Belem  | Botucatu  | Ribeirao Preto  | Sao Paulo  | Vicosa ,"2-(3,4-dihydroxyphenyl)-5,7-dihydroxy-3-{[(2S,3R,4S,5S,6R)-3,4,5-trihydroxy-6-({[(2R,3R,4R,5R,6S)-3,4,5-trihydroxy-6-methyloxan-2-yl]oxy}methyl)oxan-2-yl]oxy}-4H-chromen-4-one","1S/C27H30O16/c1-8-17(32)20(35)22(37)26(40-8)39-7-15-18(33)21(36)23(38)27(42-15)43-25-19(34)16-13(31)5-10(28)6-14(16)41-24(25)9-2-3-11(29)12(30)4-9/h2-6,8,15,17-18,20-23,26-33,35-38H,7H2,1H3/t8-,15+,17-,18+,20+,21-,22+,23+,26+,27-/m0/s1
","IKGXIBQEEMLURG-NVPNHPEKSA-N
",16.0,10.0,-1.063,3.0
http://nubbekg.aksw.org/data/compound/2748,Kaempferitrin,O[C@@H]1[C@@H]([C@H]([C@@H](O[C@H]1OC5=CC(O)=C4C(C(O[C@@H]2O[C@H]([C@@H]([C@H]([C@H]2O)O)O)C)=C(OC4=C5)C3=CC=C(C=C3)O)=O)C)O)O,578.5187,C27H30O14,479.792,578.1636,5.0,228.971,Antioxidant | Inhibition of Myeloperoxidase,Pterogyne nitens,SP,Sao Paulo ,"5-hydroxy-2-(4-hydroxyphenyl)-3,7-bis({[(2S,3R,4R,5R,6S)-3,4,5-trihydroxy-6-methyloxan-2-yl]oxy})-4H-chromen-4-one","1S/C27H30O14/c1-9-17(30)20(33)22(35)26(37-9)39-13-7-14(29)16-15(8-13)40-24(11-3-5-12(28)6-4-11)25(19(16)32)41-27-23(36)21(34)18(31)10(2)38-27/h3-10,17-18,20-23,26-31,33-36H,1-2H3/t9-,10-,17-,18-,20+,21+,22+,23+,26-,27-/m0/s1
","PUPKKEQDLNREIM-QNSQPKOQSA-N
",14.0,8.0,0.353,3.0
http://nubbekg.aksw.org/data/compound/2767,4-Nerolidilcatechol,C/C(C)=C/CC/C(C)=C/CCC(C)(C1=CC(O)=C(O)C=C1)C=C,314.4617,C21H30O2,332.599,314.22458,8.0,40.456,Antioxidant,Piper umbellata | Pothomorphe umbellata,SP,Araraquara ,"4-[(6E)-3,7,11-trimethyldodeca-1,6,10-trien-3-yl]benzene-1,2-diol","1/C21H30O2/c1-6-21(5,18-12-13-19(22)20(23)15-18)14-8-11-17(4)10-7-9-16(2)3/h6,9,11-13,15,22-23H,1,7-8,10,14H2,2-5H3/b17-11+
","ZBZZDHDWRSFLAY-GZTJUZNONA-N
",2.0,2.0,6.509,1.0
http://nubbekg.aksw.org/data/compound/2789,"Pristimerin; 20α-3-hydroxy-2-oxo-24-nor-friedela-1-10,3,5,7-tetraen-carboxylic acid-29-methylester",O=C2C(O)=C(C)C1=CC=C([C@](CC[C@]5(C)[C@]([H])4C[C@](C)([C@@](OC)=O)CC5)(C)[C@@]4(C)CC3)[C@]3(C)C1=C2,464.6362,C30H40O4,455.948,464.29266,2.0,63.604,Anticancer | Antioxidant | Cytotoxic,Cheiloclinium cognatum | Maytenus aquifolium | Maytenus ilicifolia | Peritassa campestris | Salacia campestris,GO | SP,Goiania  | Ribeirao Preto  | Sao Carlos ,"methyl (2R,4aS,12bR,14aS,14bR)-10-hydroxy-2,4a,6a,9,12b,14a-hexamethyl-11-oxo-1,2,3,4,4a,5,6,6a,11,12b,13,14,14a,14b-tetradecahydropicene-2-carboxylate","1S/C30H40O4/c1-18-19-8-9-22-28(4,20(19)16-21(31)24(18)32)13-15-30(6)23-17-27(3,25(33)34-7)11-10-26(23,2)12-14-29(22,30)5/h8-9,16,23,32H,10-15,17H2,1-7H3/t23-,26-,27-,28+,29?,30+/m1/s1
","JFACETXYABVHFD-YDUKQFKJSA-N
",4.0,1.0,5.674,1.0
http://nubbekg.aksw.org/data/compound/2800,Strictosidine,C=CC2[C@@H](OC=C(C2C[C@@](C4=C(CCN5)C3=CC=CC=C3N4)5[H])C(OC)=O)O[C@H](O[C@@H]([C@H]([C@@H]1O)O)CO)[C@@H]1O,530.5669,C27H34N2O9,470.257,530.22644,8.0,162.737,Antioxidant,Chimarrhis turbinata,PA,Belem ,"methyl (2S)-3-ethenyl-4-[(1S)-1H,2H,3H,4H,9H-pyrido[3,4-b]indol-1-ylmethyl]-2-{[(2S,3R,4S,5S,6R)-3,4,5-trihydroxy-6-(hydroxymethyl)oxan-2-yl]oxy}-3,4-dihydro-2H-pyran-5-carboxylate","1S/C27H34N2O9/c1-3-13-16(10-19-21-15(8-9-28-19)14-6-4-5-7-18(14)29-21)17(25(34)35-2)12-36-26(13)38-27-24(33)23(32)22(31)20(11-30)37-27/h3-7,12-13,16,19-20,22-24,26-33H,1,8-11H2,2H3/t13?,16?,19-,20+,22+,23-,24+,26-,27-/m0/s1
","XBAMJZTXGWPTRM-VGTIHVKGSA-N
",11.0,6.0,1.224,3.0
http://nubbekg.aksw.org/data/compound/2802,5α-carboxystrictosidine,C=CC2[C@@H](OC=C(C2C[C@H]5C4=C(C[C@H](N5)[C@@](O)=O)C3=CC=CC=C3N4)C(OC)=O)O[C@H](O[C@@H]([C@H]([C@@H]1O)O)CO)[C@@H]1O,574.5764,C28H34N2O11,497.284,574.21625,9.0,200.036,Antioxidant,Chimarrhis turbinata,PA,Belem ,"(1S,3S)-1-{[(2S)-3-ethenyl-5-(methoxycarbonyl)-2-{[(2S,3R,4S,5S,6R)-3,4,5-trihydroxy-6-(hydroxymethyl)oxan-2-yl]oxy}-3,4-dihydro-2H-pyran-4-yl]methyl}-1H,2H,3H,4H,9H-pyrido[3,4-b]indole-3-carboxylic acid","1S/C28H34N2O11/c1-3-12-14(8-18-21-15(9-19(29-18)25(35)36)13-6-4-5-7-17(13)30-21)16(26(37)38-2)11-39-27(12)41-28-24(34)23(33)22(32)20(10-31)40-28/h3-7,11-12,14,18-20,22-24,27-34H,1,8-10H2,2H3,(H,35,36)/t12?,14?,18-,19-,20+,22+,23-,24+,27-,28-/m0/s1
","LHKZIVMTXZLOTP-KBRGVUMASA-N
",13.0,7.0,-0.999,3.0
http://nubbekg.aksw.org/data/compound/2805,Turbinatine,[H][C@]35C2=C(CCN3[C@H]([C@H]([C@H](C5)/[C@@](C(OC)=O)=C/O)C=C)O[C@H](O[C@@H]([C@H]([C@@H]4O)O)CO)[C@@H]4O)C1=CC=CC=C1N2,530.5669,C27H34N2O9,469.672,530.22644,7.0,164.942,Antioxidant,Chimarrhis turbinata,PA,Belem ,"methyl (2Z)-2-[(2S,3S,4S,12bS)-3-ethenyl-4-{[(2S,3R,4S,5S,6R)-3,4,5-trihydroxy-6-(hydroxymethyl)oxan-2-yl]oxy}-1H,2H,3H,4H,6H,7H,12H,12bH-indolo[2,3-a]quinolizin-2-yl]-3-hydroxyprop-2-enoate","1S/C27H34N2O9/c1-3-13-16(17(11-30)26(35)36-2)10-19-21-15(14-6-4-5-7-18(14)28-21)8-9-29(19)25(13)38-27-24(34)23(33)22(32)20(12-31)37-27/h3-7,11,13,16,19-20,22-25,27-28,30-34H,1,8-10,12H2,2H3/b17-11-/t13-,16-,19-,20+,22+,23-,24+,25-,27-/m0/s1
","XAYUCVICBPYPRE-RUPNCQHISA-N
",11.0,6.0,0.852,3.0
http://nubbekg.aksw.org/data/compound/2806,"3,4-dehydro-strictosidine",C=CC2[C@@H](OC=C(C2CC3=NCCC5=C3NC4=CC=CC=C45)C(OC)=O)O[C@H](O[C@@H]([C@H]([C@@H]1O)O)CO)[C@@H]1O,528.551,C27H32N2O9,464.287,528.21075,8.0,163.074,Antioxidant,Chimarrhis turbinata,PA,Belem ,"methyl (2S)-3-ethenyl-4-{3H,4H,9H-pyrido[3,4-b]indol-1-ylmethyl}-2-{[(2S,3R,4S,5S,6R)-3,4,5-trihydroxy-6-(hydroxymethyl)oxan-2-yl]oxy}-3,4-dihydro-2H-pyran-5-carboxylate","1S/C27H32N2O9/c1-3-13-16(10-19-21-15(8-9-28-19)14-6-4-5-7-18(14)29-21)17(25(34)35-2)12-36-26(13)38-27-24(33)23(32)22(31)20(11-30)37-27/h3-7,12-13,16,20,22-24,26-27,29-33H,1,8-11H2,2H3/t13?,16?,20-,22-,23+,24-,26+,27+/m1/s1
","KWPBQSXTICIPDO-JXHODNCLSA-N
",11.0,5.0,1.388,2.0
http://nubbekg.aksw.org/data/compound/2807,"3,4-dehydrostrictosidine acid",C=CC1[C@H](O[C@@H]([C@@H]5O)O[C@H](CO)[C@@H](O)[C@@H]5O)OC=C(C(O)=O)C1CC2=NCCC4=C2NC3=CC=CC=C34,514.5244,C26H30N2O9,446.759,514.1951,7.0,174.068,Antioxidant,Chimarrhis turbinata,PA,Belem ,"(2S)-3-ethenyl-4-{3H,4H,9H-pyrido[3,4-b]indol-1-ylmethyl}-2-{[(2S,3R,4S,5S,6R)-3,4,5-trihydroxy-6-(hydroxymethyl)oxan-2-yl]oxy}-3,4-dihydro-2H-pyran-5-carboxylic acid","1S/C26H30N2O9/c1-2-12-15(9-18-20-14(7-8-27-18)13-5-3-4-6-17(13)28-20)16(24(33)34)11-35-25(12)37-26-23(32)22(31)21(30)19(10-29)36-26/h2-6,11-12,15,19,21-23,25-26,28-32H,1,7-10H2,(H,33,34)/t12?,15?,19-,21-,22+,23-,25+,26+/m1/s1
","QNVNXPBFKQJAIB-SZXRKYFWSA-N
",11.0,6.0,0.772,3.0
http://nubbekg.aksw.org/data/compound/2808,Strictosidine acid,C=CC2[C@@H](OC=C(C2C[C@H]5C4=C(CCN5)C3=CC=CC=C3N4)C(O)=O)O[C@H](O[C@@H]([C@H]([C@@H]1O)O)CO)[C@@H]1O,516.5403,C26H32N2O9,452.729,516.21075,7.0,173.731,Antioxidant,Chimarrhis turbinata,PA,Belem ,"(2S)-3-ethenyl-4-[(1S)-1H,2H,3H,4H,9H-pyrido[3,4-b]indol-1-ylmethyl]-2-{[(2S,3R,4S,5S,6R)-3,4,5-trihydroxy-6-(hydroxymethyl)oxan-2-yl]oxy}-3,4-dihydro-2H-pyran-5-carboxylic acid","1S/C26H32N2O9/c1-2-12-15(9-18-20-14(7-8-27-18)13-5-3-4-6-17(13)28-20)16(24(33)34)11-35-25(12)37-26-23(32)22(31)21(30)19(10-29)36-26/h2-6,11-12,15,18-19,21-23,25-32H,1,7-10H2,(H,33,34)/t12?,15?,18-,19+,21+,22-,23+,25-,26-/m0/s1
","CMMIVMFGFIBAGC-IEUFSHIYSA-N
",11.0,7.0,0.607,3.0
http://nubbekg.aksw.org/data/compound/2809,Cordifoline,C=CC2[C@@H](OC=C(C2CC3=NC(C(O)=O)=CC5=C3NC4=CC=C(C=C45)O)C(OC)=O)O[C@H](O[C@@H]([C@H]([C@@H]1O)O)CO)[C@@H]1O,586.544,C28H30N2O12,493.12,586.1799,9.0,221.129,Antioxidant,Chimarrhis turbinata,PA,Belem ,"1-{[(2S)-3-ethenyl-5-(methoxycarbonyl)-2-{[(2S,3R,4S,5S,6R)-3,4,5-trihydroxy-6-(hydroxymethyl)oxan-2-yl]oxy}-3,4-dihydro-2H-pyran-4-yl]methyl}-6-hydroxy-9H-pyrido[3,4-b]indole-3-carboxylic acid","1S/C28H30N2O12/c1-3-12-13(7-18-21-15(8-19(29-18)25(36)37)14-6-11(32)4-5-17(14)30-21)16(26(38)39-2)10-40-27(12)42-28-24(35)23(34)22(33)20(9-31)41-28/h3-6,8,10,12-13,20,22-24,27-28,30-35H,1,7,9H2,2H3,(H,36,37)/t12?,13?,20-,22-,23+,24-,27+,28+/m1/s1
","HFPKTEZZZRPDQU-XNKVVINBSA-N
",14.0,7.0,1.16,3.0
http://nubbekg.aksw.org/data/compound/2810,Deoxycordifoline,C=CC2[C@@H](OC=C(C2CC3=NC(C(O)=O)=CC5=C3NC4=CC=CC=C45)C(OC)=O)O[C@H](O[C@@H]([C@H]([C@@H]1O)O)CO)[C@@H]1O,570.5446,C28H30N2O11,485.102,570.18494,9.0,200.901,Antioxidant,Chimarrhis turbinata,PA,Belem ,"1-{[(2S)-3-ethenyl-5-(methoxycarbonyl)-2-{[(2S,3R,4S,5S,6R)-3,4,5-trihydroxy-6-(hydroxymethyl)oxan-2-yl]oxy}-3,4-dihydro-2H-pyran-4-yl]methyl}-9H-pyrido[3,4-b]indole-3-carboxylic acid","1S/C28H30N2O11/c1-3-12-14(8-18-21-15(9-19(29-18)25(35)36)13-6-4-5-7-17(13)30-21)16(26(37)38-2)11-39-27(12)41-28-24(34)23(33)22(32)20(10-31)40-28/h3-7,9,11-12,14,20,22-24,27-28,30-34H,1,8,10H2,2H3,(H,35,36)/t12?,14?,20-,22-,23+,24-,27+,28+/m1/s1
","APMZCJQXEGDAIT-STAZHCHLSA-N
",13.0,6.0,1.663,3.0
http://nubbekg.aksw.org/data/compound/2811,Harman-3-carboxylic acid,OC(C3=CC2=C(C(C)=N3)NC1=CC=CC=C12)=O,226.2307,C13H10N2O2,196.419,226.07423,1.0,65.982,Antioxidant,Chimarrhis turbinata,PA,Belem ,"1-methyl-9H-pyrido[3,4-b]indole-3-carboxylic acid","1S/C13H10N2O2/c1-7-12-9(6-11(14-7)13(16)17)8-4-2-3-5-10(8)15-12/h2-6,15H,1H3,(H,16,17)
","MFEZJNMQTQMDRQ-UHFFFAOYSA-N
",4.0,2.0,2.623,0.0
http://nubbekg.aksw.org/data/compound/2825,Pterogynoside; Kaempferol-3-O-(3''-O-4'''-methylgallate-α-L-rhamnoside),OC2=C1C(C(O[C@@H]3O[C@@H](C)[C@H](O)[C@@H](OC(C4=CC(O)=C(OC)C(O)=C4)=O)[C@H]3O)=C(C5=CC=C(O)C=C5)OC1=CC(O)=C2)=O,598.5083,C29H26O14,488.869,598.13226,7.0,225.814,Antifungal | Antioxidant | Inhibition of Glycosidase | Inhibition of Myeloperoxidase,Pterogyne nitens,SP,Sao Paulo ,"(2S,3R,4R,5S,6S)-2-{[5,7-dihydroxy-2-(4-hydroxyphenyl)-4-oxo-4H-chromen-3-yl]oxy}-3,5-dihydroxy-6-methyloxan-4-yl 3,5-dihydroxy-4-methoxybenzoate","1S/C29H26O14/c1-11-21(35)26(42-28(38)13-7-17(33)25(39-2)18(34)8-13)23(37)29(40-11)43-27-22(36)20-16(32)9-15(31)10-19(20)41-24(27)12-3-5-14(30)6-4-12/h3-11,21,23,26,29-35,37H,1-2H3/t11-,21-,23+,26+,29-/m0/s1
","AYSKZHKNQWJAPA-BACFJZBESA-N
",14.0,7.0,2.359,3.0
http://nubbekg.aksw.org/data/compound/2826,Kaempferol,OC3=CC=C(C=C3)C2=C(O)C(C1=C(O)C=C(O)C=C1O2)=O,286.2363,C15H10O6,232.066,286.04773,1.0,111.123,Antifungal | Antioxidant | Inhibition of Glycosidase | Inhibition of Myeloperoxidase,Pterogyne nitens,SP,Sao Paulo ,"3,5,7-trihydroxy-2-(4-hydroxyphenyl)-4H-chromen-4-one","1S/C15H10O6/c16-8-3-1-7(2-4-8)15-14(20)13(19)12-10(18)5-9(17)6-11(12)21-15/h1-6,16-18,20H
","IYRMWMYZSQPJKC-UHFFFAOYSA-N
",6.0,4.0,2.172,0.0
http://nubbekg.aksw.org/data/compound/2827,"Afzelin, 3-O-α-rhamnosyl kaempferol",OC3=CC=C(C=C3)C2=C(O[C@@H]4O[C@@H](C)[C@H](O)[C@@H](O)[C@H]4O)C(C1=C(O)C=C(O)C=C1O2)=O,432.3775,C21H20O10,355.929,432.10565,3.0,170.047,Antioxidant | Inhibition of Myeloperoxidase,Nectandra grandiflora | Pterogyne nitens,SP,Peruibe  | Sao Paulo ,"5,7-dihydroxy-2-(4-hydroxyphenyl)-3-{[(2S,3R,4R,5R,6S)-3,4,5-trihydroxy-6-methyloxan-2-yl]oxy}-4H-chromen-4-one","1S/C21H20O10/c1-8-15(25)17(27)18(28)21(29-8)31-20-16(26)14-12(24)6-11(23)7-13(14)30-19(20)9-2-4-10(22)5-3-9/h2-8,15,17-18,21-25,27-28H,1H3/t8-,15-,17+,18+,21-/m0/s1
","SOSLMHZOJATCCP-AEIZVZFYSA-N
",10.0,6.0,1.133,1.0
http://nubbekg.aksw.org/data/compound/2828,Quercetin,O=C2C1=C(O)C=C(O)C=C1OC(C3=CC=C(O)C(O)=C3)=C2O,302.2357,C15H10O7,240.084,302.04266,1.0,131.351,Antileishmanial | Antioxidant | Antitrypanosomal | Inhibition of Myeloperoxidase | Insecticidal,Cipadessa fruticosa | Pterogyne nitens | Rapanea lancifolia | Siphoneugena densiflora,MG | SP,Pocos De Caldas  | Sao Carlos  | Sao Paulo ,"2-(3,4-dihydroxyphenyl)-3,5,7-trihydroxy-4H-chromen-4-one","1S/C15H10O7/c16-7-4-10(19)12-11(5-7)22-15(14(21)13(12)20)6-1-2-8(17)9(18)3-6/h1-5,16-19,21H
","REFJWTPEDVJJIY-UHFFFAOYSA-N
",7.0,5.0,1.683,0.0
http://nubbekg.aksw.org/data/compound/2829,"Isoquercitrin, Quercetin-3-O-β-D-glucoside",O=C2C1=C(O)C=C(O)C=C1OC(C4=CC=C(O)C(O)=C4)=C2O[C@H]3[C@H](O)[C@@H](O)[C@H](O)[C@@H](CO)O3,464.3763,C21H20O12,372.206,464.0955,4.0,210.503,Antileishmanial | Antioxidant | Inhibition of Myeloperoxidase,Byrsonima coccolobifolia | Cryptocarya mandioccana | Cryptocarya moschata | Khaya senegalensis | Ocotea corymbosa | Pterogyne nitens,MG | SP,Araraquara  | Peruibe  | Sao Carlos  | Sao Miguel Arcanjo  | Sao Paulo  | Ubatuba  | Vicosa ,"2-(3,4-dihydroxyphenyl)-5,7-dihydroxy-3-{[(2S,3R,4S,5S,6R)-3,4,5-trihydroxy-6-(hydroxymethyl)oxan-2-yl]oxy}-4H-chromen-4-one","1S/C21H20O12/c22-6-13-15(27)17(29)18(30)21(32-13)33-20-16(28)14-11(26)4-8(23)5-12(14)31-19(20)7-1-2-9(24)10(25)3-7/h1-5,13,15,17-18,21-27,29-30H,6H2/t13-,15-,17+,18-,21+/m1/s1
","OVSQVDMCBVZWGM-QSOFNFLRSA-N
",12.0,8.0,-0.364,2.0
http://nubbekg.aksw.org/data/compound/2830,Nitensoside A; Sorbifolin 6-O-α-rhamnopyranosyl(1'''→6'')-β-glucopyranoside,OC1=CC=C(C(OC3=C2C(O)=C(O[C@H](O[C@@H]([C@H]([C@@H]5O)O)CO[C@H]4[C@@H]([C@@H]([C@@H](O)[C@H](C)O4)O)O)[C@@H]5O)C(OC)=C3)=CC2=O)C=C1,608.5447,C28H32O15,505.578,608.17413,7.0,238.205,Antioxidant | Inhibition of Glycosidase | Inhibition of Myeloperoxidase,Pterogyne nitens,SP,Sao Paulo ,"5-hydroxy-2-(4-hydroxyphenyl)-7-methoxy-6-{[(2S,3R,4S,5S,6R)-3,4,5-trihydroxy-6-({[(2R,3R,4R,5R,6S)-3,4,5-trihydroxy-6-methyloxan-2-yl]oxy}methyl)oxan-2-yl]oxy}-4H-chromen-4-one","1S/C28H32O15/c1-10-19(31)22(34)24(36)27(40-10)39-9-17-20(32)23(35)25(37)28(42-17)43-26-16(38-2)8-15-18(21(26)33)13(30)7-14(41-15)11-3-5-12(29)6-4-11/h3-8,10,17,19-20,22-25,27-29,31-37H,9H2,1-2H3/t10-,17+,19-,20+,22+,23-,24+,25+,27+,28-/m0/s1
","IAXGLXFIQSEJPB-MBHQVIDASA-N
",15.0,8.0,-0.236,3.0
http://nubbekg.aksw.org/data/compound/2831,Nitensoside B; Pedalitin 6-O-α-rhamnopyranosyl(1'''→6'')-β-glucopyranoside,OC(C=CC(C(OC3=C2C(O)=C(O[C@H](O[C@@H]([C@H]([C@@H]5O)O)CO[C@H]4[C@@H]([C@@H]([C@@H](O)[C@H](C)O4)O)O)[C@@H]5O)C(OC)=C3)=CC2=O)=C1)=C1O,624.5441,C28H32O16,513.596,624.169,7.0,258.433,Antioxidant | Inhibition of Glycosidase | Inhibition of Myeloperoxidase,Pterogyne nitens,SP,Sao Paulo ,"2-(3,4-dihydroxyphenyl)-5-hydroxy-7-methoxy-6-{[(2S,3R,4S,5S,6R)-3,4,5-trihydroxy-6-({[(2R,3R,4R,5R,6S)-3,4,5-trihydroxy-6-methyloxan-2-yl]oxy}methyl)oxan-2-yl]oxy}-4H-chromen-4-one","1S/C28H32O16/c1-9-19(32)22(35)24(37)27(41-9)40-8-17-20(33)23(36)25(38)28(43-17)44-26-16(39-2)7-15-18(21(26)34)13(31)6-14(42-15)10-3-4-11(29)12(30)5-10/h3-7,9,17,19-20,22-25,27-30,32-38H,8H2,1-2H3/t9-,17+,19-,20+,22+,23-,24+,25+,27+,28-/m0/s1
","MTUPEWBIUKFRBD-PCIFUKDKSA-N
",16.0,9.0,-0.725,3.0
http://nubbekg.aksw.org/data/compound/2832,Sorbifolin,OC1=CC=C(C(OC3=C2C(O)=C(O)C(OC)=C3)=CC2=O)C=C1,300.2629,C16H12O6,249.594,300.0634,2.0,100.129,Antioxidant | Inhibition of Glycosidase | Inhibition of Myeloperoxidase,Pterogyne nitens,SP,Sao Paulo ,"5,6-dihydroxy-2-(4-hydroxyphenyl)-7-methoxy-4H-chromen-4-one","1S/C16H12O6/c1-21-13-7-12-14(16(20)15(13)19)10(18)6-11(22-12)8-2-4-9(17)5-3-8/h2-7,17,19-20H,1H3
","UWARRXZVZDFPQU-UHFFFAOYSA-N
",6.0,3.0,2.511,0.0
http://nubbekg.aksw.org/data/compound/2833,Sorbifolin 6-O-β-glucopyranoside,OC1=CC=C(C(OC3=C2C(O)=C(O[C@H](O[C@@H]([C@H]([C@@H]4O)O)CO)[C@@H]4O)C(OC)=C3)=CC2=O)C=C1,462.4035,C22H22O11,381.716,462.1162,5.0,179.281,Antioxidant | Inhibition of Glycosidase | Inhibition of Myeloperoxidase,Pterogyne nitens,SP,Sao Paulo ,"5-hydroxy-2-(4-hydroxyphenyl)-7-methoxy-6-{[(2S,3R,4S,5S,6R)-3,4,5-trihydroxy-6-(hydroxymethyl)oxan-2-yl]oxy}-4H-chromen-4-one","1S/C22H22O11/c1-30-14-7-13-16(11(25)6-12(31-13)9-2-4-10(24)5-3-9)18(27)21(14)33-22-20(29)19(28)17(26)15(8-23)32-22/h2-7,15,17,19-20,22-24,26-29H,8H2,1H3/t15-,17-,19+,20-,22+/m1/s1
","JSUJHPSAVAWXEN-GSVZXUNASA-N
",11.0,6.0,0.463,2.0
http://nubbekg.aksw.org/data/compound/2834,Pedalitin,OC(C=C3)=C(O)C=C3C(O2)=CC(C1=C2C=C(OC)C(O)=C1O)=O,316.2623,C16H12O7,257.612,316.0583,2.0,120.357,Antioxidant | Inhibition of Glycosidase | Inhibition of Myeloperoxidase,Pterogyne nitens,SP,Sao Paulo ,"2-(3,4-dihydroxyphenyl)-5,6-dihydroxy-7-methoxy-4H-chromen-4-one","1S/C16H12O7/c1-22-13-6-12-14(16(21)15(13)20)10(19)5-11(23-12)7-2-3-8(17)9(18)4-7/h2-6,17-18,20-21H,1H3
","QWUHUBDKQQPMQG-UHFFFAOYSA-N
",7.0,4.0,2.021,0.0
http://nubbekg.aksw.org/data/compound/2835,"Pedalin, pedalitin 6-O-β -glucopyranoside",OC(C=CC(C(OC3=C2C(O)=C(O[C@H]4[C@H](O)[C@@H](O)[C@H](O)[C@@H](CO)O4)C(OC)=C3)=CC2=O)=C1)=C1O,478.4029,C22H22O12,389.734,478.1111,5.0,199.509,Antioxidant | Inhibition of Myeloperoxidase,Pterogyne nitens,SP,Sao Paulo ,"2-(3,4-dihydroxyphenyl)-5-hydroxy-7-methoxy-6-{[(2S,3R,4S,5S,6R)-3,4,5-trihydroxy-6-(hydroxymethyl)oxan-2-yl]oxy}-4H-chromen-4-one","1S/C22H22O12/c1-31-14-6-13-16(11(26)5-12(32-13)8-2-3-9(24)10(25)4-8)18(28)21(14)34-22-20(30)19(29)17(27)15(7-23)33-22/h2-6,15,17,19-20,22-25,27-30H,7H2,1H3/t15-,17-,19+,20-,22+/m1/s1
","WLDSVYQTJXGHOT-GSVZXUNASA-N
",12.0,7.0,-0.026,2.0
http://nubbekg.aksw.org/data/compound/2841,Caffeic acid,OC(/C=C/C1=CC(O)=C(C=C1)O)=O,180.1574,C9H8O4,154.497,180.04225,2.0,77.755,Antioxidant | Inhibition of Myeloperoxidase,Alibertia macrophylla | Citrus sp. | Pterogyne nitens | Tocoyena formosa,SP,Mogi Guacu  | Sao Paulo ,"(2E)-3-(3,4-dihydroxyphenyl)prop-2-enoic acid","1S/C9H8O4/c10-7-3-1-6(5-8(7)11)2-4-9(12)13/h1-5,10-11H,(H,12,13)/b4-2+
","QAIPRVGONGVQAS-DUXPYHPUSA-N
",4.0,3.0,0.941,0.0
http://nubbekg.aksw.org/data/compound/2845,Ferulic acid,OC(/C=C/C1=CC(OC)=C(C=C1)O)=O,194.184,C10H10O4,172.025,194.0579,3.0,66.761,Antioxidant | Inhibition of Myeloperoxidase,Citrus sp. | Pterogyne nitens | Tocoyena formosa,SP,Mogi Guacu  | Sao Paulo ,(2E)-3-(4-hydroxy-3-methoxyphenyl)prop-2-enoic acid,"1S/C10H10O4/c1-14-9-6-7(2-4-8(9)11)3-5-10(12)13/h2-6,11H,1H3,(H,12,13)/b5-3+
","KSEBMYQBYZTDHS-HWKANZROSA-N
",4.0,2.0,1.249,0.0
http://nubbekg.aksw.org/data/compound/2847,Sinapic acid,OC(/C=C/C1=CC(OC)=C(O)C(OC)=C1)=O,224.21,C11H12O5,197.571,224.06847,4.0,75.995,Antioxidant | Inhibition of Myeloperoxidase,Citrus sp. | Pterogyne nitens,SP,Sao Paulo ,"(2E)-3-(4-hydroxy-3,5-dimethoxyphenyl)prop-2-enoic acid","1S/C11H12O5/c1-15-8-5-7(3-4-10(12)13)6-9(16-2)11(8)14/h3-6,14H,1-2H3,(H,12,13)/b4-3+
","PCMORTLOPMLEFB-ONEGZZNKSA-N
",5.0,2.0,1.265,0.0
http://nubbekg.aksw.org/data/compound/2849,Chlorogenic acid,OC1=CC=C(/C=C/C(O[C@H]2[C@H](O)[C@H](O)C[C@]([C@@](O)=O)(O)C2)=O)C=C1O,354.3087,C16H18O9,296.267,354.0951,5.0,164.744,Antioxidant | Inhibition of Myeloperoxidase,Alibertia sessilis | Chimarrhis turbinata | Citrus sp. | Pterogyne nitens,PA | SP,Belem  | Mogi Guacu  | Sao Paulo ,"(3R,4R,5R)-3-{[(2E)-3-(3,4-dihydroxyphenyl)prop-2-enoyl]oxy}-1,4,5-trihydroxycyclohexane-1-carboxylic acid","1S/C16H18O9/c17-9-3-1-8(5-10(9)18)2-4-13(20)25-12-7-16(24,15(22)23)6-11(19)14(12)21/h1-5,11-12,14,17-19,21,24H,6-7H2,(H,22,23)/b4-2+/t11-,12-,14-,16?/m1/s1
","CWVRJTMFETXNAD-PCNKEKKESA-N
",9.0,6.0,-0.453,1.0
http://nubbekg.aksw.org/data/compound/2851,"Gallic acid; 3,4,5-trihydroxybenzoic acid",OC1=CC(C(O)=O)=CC(O)=C1O,170.1195,C7H6O5,135.098,170.02153,1.0,97.983,Anticancer | Antioxidant | Inhibition of Myeloperoxidase | Inhibition of NF KB activation,Alchornea glandulosa | Pterogyne nitens | Siphoneugena densiflora,MG | SP,Mogi Guacu  | Pocos De Caldas  | Sao Paulo ,"3,4,5-trihydroxybenzoic acid","1S/C7H6O5/c8-4-1-3(7(11)12)2-5(9)6(4)10/h1-2,8-10H,(H,11,12)
","LNTHITQWFMADLM-UHFFFAOYSA-N
",5.0,4.0,0.589,0.0
http://nubbekg.aksw.org/data/compound/2852,taxifolin,O=C1c2c(O[C@@H]([C@H]1O)c1cc(O)c(cc1)O)cc(cc2O)O,304.2516,C15H12O7,246.323,304.0583,1.0,127.445,Antioxidant | Antitrypanosomal,Pterogyne nitens | Rapanea lancifolia,SP,Sao Carlos  | Sao Paulo ,"(2R,3R)-2-(3,4-dihydroxyphenyl)-3,5,7-trihydroxy-3,4-dihydro-2H-1-benzopyran-4-one","1S/C15H12O7/c16-7-4-10(19)12-11(5-7)22-15(14(21)13(12)20)6-1-2-8(17)9(18)3-6/h1-5,14-19,21H/t14-,15+/m0/s1
","CXQWRCVTCMQVQX-LSDHHAIUSA-N
",7.0,5.0,0.712,0.0
http://nubbekg.aksw.org/data/compound/2860,Ourateacatechin,O[C@@H]2CC1=C(O)C=C(O)C=C1O[C@@H]2[C@]3=CC(O)=C(OC)C(O)=C3,320.294,C16H16O7,269.687,320.0896,2.0,119.608,Antioxidant,Maytenus aquifolium | Pterogyne nitens,SP,Ribeirao Preto  | Sao Paulo ,"(2R,3R)-2-(3,5-dihydroxy-4-methoxyphenyl)-3,4-dihydro-2H-1-benzopyran-3,5,7-triol","1S/C16H16O7/c1-22-16-11(19)2-7(3-12(16)20)15-13(21)6-9-10(18)4-8(17)5-14(9)23-15/h2-5,13,15,17-21H,6H2,1H3/t13-,15-/m1/s1
","ITDYPNOEEHONAH-UKRRQHHQSA-N
",7.0,5.0,1.353,0.0
http://nubbekg.aksw.org/data/compound/2861,Quercetin 3-O-sophoroside,OC5=CC(O)=C4C(C(O[C@@H]2[C@@H]([C@H]([C@@H]([C@H](O2)CO)O)O)O[C@@H]1O[C@@H]([C@H]([C@@H]([C@H]1O)O)O)CO)=C(OC4=C5)C3=CC(O)=C(C=C3)O)=O,626.5169,C27H30O17,504.327,626.1483,7.0,289.655,Antifungal | Antioxidant | Inhibition of Glycosidase | Inhibition of Myeloperoxidase,Pterogyne nitens,SP,Sao Paulo ,"3-{[(2R,3R,4S,5S,6R)-4,5-dihydroxy-6-(hydroxymethyl)-3-{[(2S,3R,4S,5S,6R)-3,4,5-trihydroxy-6-(hydroxymethyl)oxan-2-yl]oxy}oxan-2-yl]oxy}-2-(3,4-dihydroxyphenyl)-5,7-dihydroxy-4H-chromen-4-one","1S/C27H30O17/c28-6-14-17(34)20(37)22(39)26(41-14)44-25-21(38)18(35)15(7-29)42-27(25)43-24-19(36)16-12(33)4-9(30)5-13(16)40-23(24)8-1-2-10(31)11(32)3-8/h1-5,14-15,17-18,20-22,25-35,37-39H,6-7H2/t14-,15-,17-,18-,20+,21+,22-,25-,26+,27-/m1/s1
","RDUAJIJVNHKTQC-FFFMXZAGSA-N
",17.0,11.0,-2.071,3.0
http://nubbekg.aksw.org/data/compound/2879,Myricetin,OC1=CC(O)=C(C(C(O)=C(C3=CC(O)=C(O)C(O)=C3)O2)=O)C2=C1,318.2351,C15H10O8,248.102,318.03757,1.0,151.579,Antifungal | Antioxidant | Inhibition of Glycosidase | Inhibition of Myeloperoxidase,Pterogyne nitens,SP,Sao Paulo ,"3,5,7-trihydroxy-2-(3,4,5-trihydroxyphenyl)-4H-chromen-4-one","1S/C15H10O8/c16-6-3-7(17)11-10(4-6)23-15(14(22)13(11)21)5-1-8(18)12(20)9(19)2-5/h1-4,16-20,22H
","IKMDFBPHZNJCSN-UHFFFAOYSA-N
",8.0,6.0,1.392,1.0
http://nubbekg.aksw.org/data/compound/2880,"Quercitrin, 3-O-α-rhamnosylquercetin",OC4=CC(O)=C3C(C(O[C@H]1[C@@H]([C@@H]([C@H]([C@@H](O1)C)O)O)O)=C(OC3=C4)C2=CC(O)=C(C=C2)O)=O,448.3769,C21H20O11,363.947,448.10056,3.0,190.275,Antileishmanial | Antioxidant | Antitrypanosomal | Insecticidal,Byrsonima coccolobifolia | Chiococca brachiata | Cryptocarya mandioccana | Cryptocarya mandioccana Meissner | Cryptocarya moschata | Khaya senegalensis | Nectandra grandiflora | Pterogyne nitens | Siphoneugena densiflora,BA | MG | SP,Iguape  | Peruibe  | Pocos De Caldas  | Salvador  | Sao Carlos  | Sao Miguel Arcanjo  | Sao Paulo  | Ubatuba  | Vicosa ,"2-(3,4-dihydroxyphenyl)-5,7-dihydroxy-3-{[(2S,3R,4R,5R,6S)-3,4,5-trihydroxy-6-methyloxan-2-yl]oxy}-4H-chromen-4-one","1S/C21H20O11/c1-7-15(26)17(28)18(29)21(30-7)32-20-16(27)14-12(25)5-9(22)6-13(14)31-19(20)8-2-3-10(23)11(24)4-8/h2-7,15,17-18,21-26,28-29H,1H3/t7-,15-,17+,18+,21-/m0/s1
","OXGUCUVFOIWWQJ-HQBVPOQASA-N
",11.0,7.0,0.644,2.0
http://nubbekg.aksw.org/data/compound/2881,"Myricetrin, 3-O-α-rhamnosylmyricetin",OC4=CC(O)=C3C(C(O[C@H]1[C@@H]([C@@H]([C@H]([C@@H](O1)C)O)O)O)=C(OC3=C4)C2=CC(O)=C(C(O)=C2)O)=O,464.3763,C21H20O12,371.965,464.0955,3.0,210.503,Antioxidant | Inhibition of Myeloperoxidase,Chrysophyllum marginatum | Pterogyne nitens,SP,Ibate  | Sao Paulo ,"5,7-dihydroxy-3-{[(2S,3R,4R,5R,6S)-3,4,5-trihydroxy-6-methyloxan-2-yl]oxy}-2-(3,4,5-trihydroxyphenyl)-4H-chromen-4-one","1S/C21H20O12/c1-6-14(26)17(29)18(30)21(31-6)33-20-16(28)13-9(23)4-8(22)5-12(13)32-19(20)7-2-10(24)15(27)11(25)3-7/h2-6,14,17-18,21-27,29-30H,1H3/t6-,14-,17+,18+,21-/m0/s1
","DCYOADKBABEMIQ-OWMUPTOHSA-N
",12.0,8.0,0.352,2.0
http://nubbekg.aksw.org/data/compound/2885,(-)-Spectaline,O[C@H]1[C@H](N[C@H](CC1)CCCCCCCCCCCCC(C)=O)C,325.5292,C20H39NO2,360.027,325.29807,13.0,49.326,Anti-inflamatory | Antinociceptive | Antioxidant | Cytotoxic,Cassia leptophylla | Cassia spectabilis | Senna spectabilis,SP,Araraquara  | Sao Paulo ,"14-[(2S,5R,6R)-5-hydroxy-6-methylpiperidin-2-yl]tetradecan-2-one","1S/C20H39NO2/c1-17(22)13-11-9-7-5-3-4-6-8-10-12-14-19-15-16-20(23)18(2)21-19/h18-21,23H,3-16H2,1-2H3/t18-,19+,20-/m1/s1
","SMOKZFNZPZHGMX-HSALFYBXSA-N
",3.0,2.0,5.311,1.0
http://nubbekg.aksw.org/data/compound/2886,(-)-3-O-acetyl-spectaline,C[C@@H]1[C@@H](CC[C@@H](N1)CCCCCCCCCCCCC(C)=O)OC(C)=O,367.5658,C22H41NO3,396.538,367.30865,15.0,55.403,Anti-inflamatory | Antinociceptive | Antioxidant | Cytotoxic,Cassia spectabilis | Senna spectabilis,SP,Araraquara  | Sao Paulo ,"(2R,3R,6S)-2-methyl-6-(13-oxotetradecyl)piperidin-3-yl acetate","1S/C22H41NO3/c1-18(24)14-12-10-8-6-4-5-7-9-11-13-15-21-16-17-22(19(2)23-21)26-20(3)25/h19,21-23H,4-17H2,1-3H3/t19-,21+,22-/m1/s1
","LRKWDKCSHJWJST-BAGYTPMASA-N
",4.0,1.0,6.015,1.0
http://nubbekg.aksw.org/data/compound/2896,"7,4'-Dimethoxyflavone",O=C2C=C(OC3=C2C=CC(OC)=C3)C1=CC=C(C=C1)OC,282.2907,C17H14O4,251.087,282.0892,3.0,48.679,Antioxidant,Iryanthera juruensis | Virola carinata,AM | PA,Belem  | Manaus ,7-methoxy-2-(4-methoxyphenyl)-4H-chromen-4-one,"1S/C17H14O4/c1-19-12-5-3-11(4-6-12)16-10-15(18)14-8-7-13(20-2)9-17(14)21-16/h3-10H,1-2H3
","LGTXUFBDCDFQIU-UHFFFAOYSA-N
",4.0,0.0,3.826,0.0
http://nubbekg.aksw.org/data/compound/2897,Fasciculiferin,O=C(C=C(C3=CC=C(OC)C(OC)=C3)O2)C1=C2C=C(OC)C=C1,312.3166,C18H16O5,276.632,312.09976,4.0,57.913,Antioxidant,Iryanthera juruensis,PA,Belem ,"2-(3,4-dimethoxyphenyl)-7-methoxy-4H-chromen-4-one","1S/C18H16O5/c1-20-12-5-6-13-14(19)10-16(23-17(13)9-12)11-4-7-15(21-2)18(8-11)22-3/h4-10H,1-3H3
","VSFZYCDPDWSYSS-UHFFFAOYSA-N
",5.0,0.0,3.416,0.0
http://nubbekg.aksw.org/data/compound/2898,Tithonine,O=C(C=C(C3=CC=C(OC)C(O)=C3)O2)C1=C2C=C(OC)C=C1,298.2901,C17H14O5,259.105,298.08414,3.0,68.907,Antioxidant,Iryanthera juruensis,PA,Belem ,2-(3-hydroxy-4-methoxyphenyl)-7-methoxy-4H-chromen-4-one,"1S/C17H14O5/c1-20-11-4-5-12-13(18)9-16(22-17(12)8-11)10-3-6-15(21-2)14(19)7-10/h3-9,19H,1-2H3
","QPWBUKXPEDEBQI-UHFFFAOYSA-N
",5.0,1.0,3.109,0.0
http://nubbekg.aksw.org/data/compound/2899,Farnisine,OC1=CC2=C(C(C=C(C3=CC=C(OC)C(O)=C3)O2)=O)C=C1,284.2635,C16H12O5,241.577,284.06848,2.0,79.901,Antioxidant,Iryanthera juruensis,PA,Belem ,7-hydroxy-2-(3-hydroxy-4-methoxyphenyl)-4H-chromen-4-one,"1S/C16H12O5/c1-20-14-5-2-9(6-13(14)19)15-8-12(18)11-4-3-10(17)7-16(11)21-15/h2-8,17,19H,1H3
","QAGGICSUEVNSGH-UHFFFAOYSA-N
",5.0,2.0,2.573,0.0
http://nubbekg.aksw.org/data/compound/2900,"7,4'-Dihydroxyflavone",O=C2C=C(OC3=C2C=CC(O)=C3)C1=CC=C(C=C1)O,254.2375,C15H10O4,216.031,254.0579,1.0,70.667,Antioxidant,Iryanthera juruensis,PA,Belem ,7-hydroxy-2-(4-hydroxyphenyl)-4H-chromen-4-one,"1S/C15H10O4/c16-10-3-1-9(2-4-10)14-8-13(18)12-6-5-11(17)7-15(12)19-14/h1-8,16-17H
","LCAWNFIFMLXZPQ-UHFFFAOYSA-N
",4.0,2.0,2.755,0.0
http://nubbekg.aksw.org/data/compound/2901,Sargachromenol,OC1=CC(C)=C(OC(CC/C=C(C)/CC/C=C(C(O)=O)/CC/C=C(C)/C)(C)C=C2)C2=C1,424.5723,C27H36O4,426.992,424.26135,10.0,66.761,Anti-inflamatory | Antioxidant,Iryanthera juruensis,PA,Belem ,"(2Z,6E)-9-(6-hydroxy-2,8-dimethyl-2H-chromen-2-yl)-6-methyl-2-(4-methylpent-3-en-1-yl)nona-2,6-dienoic acid","1/C27H36O4/c1-19(2)9-6-12-22(26(29)30)13-7-10-20(3)11-8-15-27(5)16-14-23-18-24(28)17-21(4)25(23)31-27/h9,11,13-14,16-18,28H,6-8,10,12,15H2,1-5H3,(H,29,30)/b20-11+,22-13-
","QKXAGRZCXAYBQX-WDZAAMDONA-N
",4.0,2.0,7.443,1.0
http://nubbekg.aksw.org/data/compound/2902,Sargaquinoic acid,C\C(CC/C=C(CC/C=C(C(O)=O)/CC/C=C(C)/C)\C)=C/CC1=CC(C=C(C)C1=O)=O,424.5723,C27H36O4,431.68,424.26135,12.0,71.441,Anti-inflamatory | Antioxidant,Iryanthera juruensis,PA,Belem ,"(2Z,6E,10E)-6,10-dimethyl-12-(5-methyl-3,6-dioxocyclohexa-1,4-dien-1-yl)-2-(4-methylpent-3-en-1-yl)dodeca-2,6,10-trienoic acid","1S/C27H36O4/c1-19(2)9-6-13-23(27(30)31)14-8-12-20(3)10-7-11-21(4)15-16-24-18-25(28)17-22(5)26(24)29/h9-10,14-15,17-18H,6-8,11-13,16H2,1-5H3,(H,30,31)/b20-10+,21-15+,23-14-
","IKUIJYZNRMQNBM-FWXQPYBBSA-N
",4.0,1.0,6.888,1.0
http://nubbekg.aksw.org/data/compound/2903,"Juruenolic acid; 2-(4'-Methylpentenyl-3)-10-oxoundecan-2,6-dienoic acid",C\C(CC/C=C(C(O)=O)/CC/C=C(C)/C)=C/CCC(C)=O,292.4131,C18H28O3,307.925,292.20386,10.0,54.37,Antioxidant,Iryanthera juruensis,PA,Belem ,"(2Z,6E)-6-methyl-2-(4-methylpent-3-en-1-yl)-10-oxoundeca-2,6-dienoic acid","1S/C18H28O3/c1-14(2)8-5-12-17(18(20)21)13-7-10-15(3)9-6-11-16(4)19/h8-9,13H,5-7,10-12H2,1-4H3,(H,20,21)/b15-9+,17-13-
","QIMVLWYRLMXOML-JEVJTUMJSA-N
",3.0,1.0,4.639,0.0
http://nubbekg.aksw.org/data/compound/2904,"17-(3,4-Methylenedioxyphenyl)-heptadecanoic acid",OC(CCCCCCCCCCCCCCCCC1=CC(OCO2)=C2C=C1)=O,390.5561,C24H38O4,403.803,390.277,17.0,55.767,Antioxidant,Iryanthera juruensis,PA,Belem ,"17-(2H-1,3-benzodioxol-5-yl)heptadecanoic acid","1S/C24H38O4/c25-24(26)16-14-12-10-8-6-4-2-1-3-5-7-9-11-13-15-21-17-18-22-23(19-21)28-20-27-22/h17-19H,1-16,20H2,(H,25,26)
","FHATWZWQYFABGM-UHFFFAOYSA-N
",4.0,1.0,8.475,1.0
http://nubbekg.aksw.org/data/compound/2905,"19'-(3,4-Methylenedioxyphenyl)-nonadecanoic acid",O=C(O)CCCCCCCCCCCCCCCCCCC1=CC(OCO2)=C2C=C1,418.6093,C26H42O4,437.407,418.30832,19.0,55.767,Antioxidant,Iryanthera juruensis,PA,Belem ,"19-(2H-1,3-benzodioxol-5-yl)nonadecanoic acid","1S/C26H42O4/c27-26(28)18-16-14-12-10-8-6-4-2-1-3-5-7-9-11-13-15-17-23-19-20-24-25(21-23)30-22-29-24/h19-21H,1-18,22H2,(H,27,28)
","FOKXWQYKVUZPMN-UHFFFAOYSA-N
",4.0,1.0,8.963,1.0
http://nubbekg.aksw.org/data/compound/2906,"21'-(3,4-Methylenedioxyphenyl)-henicosanoic acid",OC(CCCCCCCCCCCCCCCCCCCCC1=CC(OCO2)=C2C=C1)=O,446.6624,C28H46O4,471.01,446.3396,21.0,55.767,Antioxidant,Iryanthera juruensis,PA,Belem ,"21-(2H-1,3-benzodioxol-5-yl)henicosanoic acid","1S/C28H46O4/c29-28(30)20-18-16-14-12-10-8-6-4-2-1-3-5-7-9-11-13-15-17-19-25-21-22-26-27(23-25)32-24-31-26/h21-23H,1-20,24H2,(H,29,30)
","KLBSBBUHUGIULX-UHFFFAOYSA-N
",4.0,1.0,9.289,1.0
http://nubbekg.aksw.org/data/compound/2907,(+)-Guaiacin,C[C@H]2[C@H](C)[C@@H]([C@@]3=CC=C(O)C(OC)=C3)C1=CC(O)=C(OC)C=C1C2,328.4022,C20H24O4,312.144,328.16745,3.0,58.924,Antioxidant,Iryanthera juruensis | Virola carinata,AM | PA,Belem  | Manaus ,"(6R,7S,8S)-8-(4-hydroxy-3-methoxyphenyl)-3-methoxy-6,7-dimethyl-5,6,7,8-tetrahydronaphthalen-2-ol","1S/C20H24O4/c1-11-7-14-9-19(24-4)17(22)10-15(14)20(12(11)2)13-5-6-16(21)18(8-13)23-3/h5-6,8-12,20-22H,7H2,1-4H3/t11-,12+,20+/m1/s1
","TZAAYUCUPIYQBR-JGRMJRGVSA-N
",4.0,2.0,3.641,0.0
http://nubbekg.aksw.org/data/compound/2916,Heveaflavone,OC1=C(C(C=C(C3=CC(C4=C(OC)C=C(O)C5=C4OC(C6=CC=C(OC)C=C6)=CC5=O)=C(O)C=C3)O2)=O)C2=CC(OC)=C1,580.5377,C33H24O10,488.046,580.13696,6.0,148.808,Antioxidant,Ouratea multiflora,SP,Peruibe ,5-hydroxy-8-[2-hydroxy-5-(5-hydroxy-7-methoxy-4-oxo-4H-chromen-2-yl)phenyl]-7-methoxy-2-(4-methoxyphenyl)-4H-chromen-4-one,"1S/C33H24O10/c1-39-18-7-4-16(5-8-18)26-14-24(37)32-25(38)15-28(41-3)30(33(32)43-26)20-10-17(6-9-21(20)34)27-13-23(36)31-22(35)11-19(40-2)12-29(31)42-27/h4-15,34-35,38H,1-3H3
","NXPAGAZHSWSUFJ-UHFFFAOYSA-N
",10.0,3.0,6.508,2.0
http://nubbekg.aksw.org/data/compound/2917,"Amentoflavone 7'',4'''-dimethyl ether",OC1=CC(O)=C(C(C=C(C3=CC(C4=C(OC)C=C(O)C5=C4OC(C6=CC=C(OC)C=C6)=CC5=O)=C(O)C=C3)O2)=O)C2=C1,566.5111,C32H22O10,470.518,566.1213,5.0,159.802,Antioxidant,Ouratea multiflora,SP,Peruibe ,"8-[5-(5,7-dihydroxy-4-oxo-4H-chromen-2-yl)-2-hydroxyphenyl]-5-hydroxy-7-methoxy-2-(4-methoxyphenyl)-4H-chromen-4-one","1S/C32H22O10/c1-39-18-6-3-15(4-7-18)25-13-23(37)31-24(38)14-27(40-2)29(32(31)42-25)19-9-16(5-8-20(19)34)26-12-22(36)30-21(35)10-17(33)11-28(30)41-26/h3-14,33-35,38H,1-2H3
","SQGLUEWZRKIEGS-UHFFFAOYSA-N
",10.0,4.0,5.972,2.0
http://nubbekg.aksw.org/data/compound/2918,Podocarpusflavone A,OC1=CC(O)=C(C(C=C(C3=CC(C4=C(O)C=C(O)C5=C4OC(C6=CC=C(OC)C=C6)=CC5=O)=C(O)C=C3)O2)=O)C2=C1,552.4845,C31H20O10,452.99,552.10565,4.0,170.796,Antioxidant,Ouratea multiflora,SP,Peruibe ,"8-[5-(5,7-dihydroxy-4-oxo-4H-chromen-2-yl)-2-hydroxyphenyl]-5,7-dihydroxy-2-(4-methoxyphenyl)-4H-chromen-4-one","1S/C31H20O10/c1-39-17-5-2-14(3-6-17)25-13-24(38)30-22(36)11-21(35)28(31(30)41-25)18-8-15(4-7-19(18)33)26-12-23(37)29-20(34)9-16(32)10-27(29)40-26/h2-13,32-36H,1H3
","RBTRUVNXLDXHBJ-UHFFFAOYSA-N
",10.0,5.0,5.696,2.0
http://nubbekg.aksw.org/data/compound/2919,Amentoflavone,OC1=CC(O)=C(C(C=C(C3=CC(C4=C(O)C=C(O)C5=C4OC(C6=CC=C(O)C=C6)=CC5=O)=C(O)C=C3)O2)=O)C2=C1,538.4579,C30H18O10,435.463,538.09,3.0,181.79,Antioxidant,Ouratea multiflora,SP,Peruibe ,"8-[5-(5,7-dihydroxy-4-oxo-4H-chromen-2-yl)-2-hydroxyphenyl]-5,7-dihydroxy-2-(4-hydroxyphenyl)-4H-chromen-4-one","1S/C30H18O10/c31-15-4-1-13(2-5-15)24-12-23(38)29-21(36)10-20(35)27(30(29)40-24)17-7-14(3-6-18(17)33)25-11-22(37)28-19(34)8-16(32)9-26(28)39-25/h1-12,31-36H
","YUSWMAULDXZHPY-UHFFFAOYSA-N
",10.0,6.0,5.16,3.0
http://nubbekg.aksw.org/data/compound/2930,(+)-3-O-feruloylcassine,OC2=CC=C(C=C2OC)/C=C/C(O[C@H]1[C@H](N[C@H](CC1)CCCCCCCCCCC(C)=O)C)=O,473.6447,C28H43NO5,478.763,473.31412,16.0,84.865,Anti-inflamatory | Antioxidant,Senna spectabilis,SP,Araraquara ,"(2R,3R,6S)-2-methyl-6-(11-oxododecyl)piperidin-3-yl (2E)-3-(4-hydroxy-3-methoxyphenyl)prop-2-enoate","1S/C28H43NO5/c1-21(30)12-10-8-6-4-5-7-9-11-13-24-16-18-26(22(2)29-24)34-28(32)19-15-23-14-17-25(31)27(20-23)33-3/h14-15,17,19-20,22,24,26,29,31H,4-13,16,18H2,1-3H3/b19-15+/t22-,24+,26-/m1/s1
","STSLNURRVKPSHZ-VQQILSIJSA-N
",6.0,2.0,6.485,1.0
http://nubbekg.aksw.org/data/compound/2960,(-)-Epigallocatechin,O[C@@H]2CC1=C(O)C=C(O)C=C1O[C@@H]2[C@]3=CC(O)=C(O)C(O)=C3,306.2675,C15H14O7,252.159,306.07394,1.0,130.602,Antioxidant,Maytenus aquifolium,SP,Ribeirao Preto ,"(2R,3R)-2-(3,4,5-trihydroxyphenyl)-3,4-dihydro-2H-1-benzopyran-3,5,7-triol","1S/C15H14O7/c16-7-3-9(17)8-5-12(20)15(22-13(8)4-7)6-1-10(18)14(21)11(19)2-6/h1-4,12,15-21H,5H2/t12-,15-/m1/s1
","XMOCLSLCDHWDHP-IUODEOHRSA-N
",7.0,6.0,1.077,1.0
http://nubbekg.aksw.org/data/compound/2961,(-)-Epigallocatechin-3-O-gallate,OC1=CC(O)=C(C[C@@H](OC(C4=CC(O)=C(O)C(O)=C4)=O)[C@@H]([C@]3=CC(O)=C(O)C(O)=C3)O2)C2=C1,458.3717,C22H18O11,367.571,458.0849,4.0,197.363,Antioxidant,Chrysophyllum marginatum,SP,Ibate ,"(2R,3R)-5,7-dihydroxy-2-(3,4,5-trihydroxyphenyl)-3,4-dihydro-2H-1-benzopyran-3-yl 3,4,5-trihydroxybenzoate","1S/C22H18O11/c23-10-5-12(24)11-7-18(33-22(31)9-3-15(27)20(30)16(28)4-9)21(32-17(11)6-10)8-1-13(25)19(29)14(26)2-8/h1-6,18,21,23-30H,7H2/t18-,21-/m1/s1
","WMBWREPUVVBILR-WIYYLYMNSA-N
",11.0,8.0,2.245,2.0
http://nubbekg.aksw.org/data/compound/2974,Salacin,O=C2C(O)=C(C)C1=CC=C([C@](CC[C@]5(C)[C@]([H])4C[C@]([H])(C)[C@H](O)[C@H]5O)(C)[C@@]4(C)CC3)[C@]3(C)C1=C2,438.5989,C28H38O4,427.83,438.277,0.0,77.755,Antioxidant,Salacia campestris,SP,Sao Carlos ,"(6bS,8aR,9S,10S,11S,12aS,12bS,14aR)-3,9,10-trihydroxy-4,6b,8a,11,12b,14a-hexamethyl-2,6b,7,8,8a,9,10,11,12,12a,12b,13,14,14a-tetradecahydropicen-2-one","1S/C28H38O4/c1-15-13-21-26(4,24(32)22(15)30)10-12-27(5)20-8-7-17-16(2)23(31)19(29)14-18(17)25(20,3)9-11-28(21,27)6/h7-8,14-15,21-22,24,30-32H,9-13H2,1-6H3/t15-,21+,22-,24+,25-,26+,27+,28-/m0/s1
","QFOURIXAMIJRTI-KAGCPUOFSA-N
",4.0,3.0,4.113,0.0
http://nubbekg.aksw.org/data/compound/2975,"Maytenin, Tingenone",O=C2C(O)=C(C)C1=CC=C([C@](CC[C@](C5)(C)[C@]([H])4C[C@](C)([H])C5=O)(C)[C@@]4(C)CC3)[C@]3(C)C1=C2,420.5836,C28H36O3,413.925,420.26645,0.0,54.37,Antioxidant,Cheiloclinium cognatum | Maytenus aquifolium | Maytenus ilicifolia | Peritassa campestris | Salacia campestris,GO | SP,Goiania  | Ribeirao Preto  | Sao Carlos ,"(6bS,8aS,11R,12aR,12bS,14aR)-3-hydroxy-4,6b,8a,11,12b,14a-hexamethyl-2,6b,7,8,8a,9,10,11,12,12a,12b,13,14,14a-tetradecahydropicene-2,10-dione","1S/C28H36O3/c1-16-13-23-25(3,15-21(16)30)9-11-27(5)22-8-7-18-17(2)24(31)20(29)14-19(18)26(22,4)10-12-28(23,27)6/h7-8,14,16,23,31H,9-13,15H2,1-6H3/t16-,23-,25+,26+,27-,28+/m1/s1
","WSTYNZDAOAEEKG-GWJSGULQSA-N
",3.0,1.0,4.843,0.0
http://nubbekg.aksw.org/data/compound/2976,20α-Hydroxymaytenin; 20-hydroxy-20-epi-tingenone,O=C2C(O)=C(C)C1=CC=C([C@](CC[C@](C5)(C)[C@]([H])4C[C@](C)(O)C5=O)(C)[C@@]4(C)CC3)[C@]3(C)C1=C2,436.583,C28H36O4,421.618,436.26135,0.0,74.598,Antioxidant,Cheiloclinium cognatum | Maytenus ilicifolia | Peritassa campestris | Salacia campestris,GO | SP,Goiania  | Ribeirao Preto  | Sao Carlos ,"(6bS,8aS,11S,12aR,12bS,14aR)-3,11-dihydroxy-4,6b,8a,11,12b,14a-hexamethyl-2,6b,7,8,8a,9,10,11,12,12a,12b,13,14,14a-tetradecahydropicene-2,10-dione","1S/C28H36O4/c1-16-17-7-8-20-25(3,18(17)13-19(29)23(16)31)10-12-27(5)21-14-28(6,32)22(30)15-24(21,2)9-11-26(20,27)4/h7-8,13,21,31-32H,9-12,14-15H2,1-6H3/t21-,24+,25+,26-,27+,28+/m1/s1
","LLINHWDEBZOLGN-UNQYGWCUSA-N
",4.0,2.0,3.898,0.0
http://nubbekg.aksw.org/data/compound/2977,Netzahualcoyene,O=C2C(O)=C(C)C1=CC=C(C3=C(C)C[C@](CC([C@@](C)([C@@](OC)=O)C5)=O)(C)[C@]5([H])[C@@](C)3CC4)[C@]4(C)C1=C2,476.6038,C30H36O5,452.241,476.2563,2.0,80.675,Antioxidant,Peritassa campestris | Salacia campestris,SP,Sao Carlos ,"methyl (2S,12bS,14aS,14bR)-10-hydroxy-2,4a,6,9,12b,14a-hexamethyl-3,11-dioxo-1,2,3,4,4a,5,11,12b,13,14,14a,14b-dodecahydropicene-2-carboxylate","1S/C30H36O5/c1-16-13-27(3)15-23(32)30(6,26(34)35-7)14-22(27)29(5)11-10-28(4)19(24(16)29)9-8-18-17(2)25(33)21(31)12-20(18)28/h8-9,12,22,33H,10-11,13-15H2,1-7H3/t22-,27?,28-,29+,30+/m1/s1
","UORCITODAXCKFN-ZSJVJHRASA-N
",5.0,1.0,4.692,0.0
http://nubbekg.aksw.org/data/compound/2981,"2-oxo-piperol B; (7S*, 8R*, 1R*, 3R*)-3,4,5-trimethoxy-3,7-cyclo-8,1-neolig-8-ene-2,4(3H)-dione",COC1=C[C@@](CC=C)([C@]2=O)[C@@](C)([H])[C@@]([H])([C@]3=CC(OC)=C(OC)C=C3)[C@@H]2[C@@]1=O,356.4123,C21H24O5,332.462,356.16238,6.0,61.844,Antioxidant,Nectandra grandiflora,SP,Peruibe ,"(1S,5S,6R,7R)-7-(3,4-dimethoxyphenyl)-3-methoxy-6-methyl-5-(prop-2-en-1-yl)bicyclo[3.2.1]oct-3-ene-2,8-dione","1S/C21H24O5/c1-6-9-21-11-16(26-5)19(22)18(20(21)23)17(12(21)2)13-7-8-14(24-3)15(10-13)25-4/h6-8,10-12,17-18H,1,9H2,2-5H3/t12-,17+,18-,21-/m1/s1
","IYEJIWMVJJRSMG-RQJAOHDJSA-N
",5.0,0.0,1.706,0.0
http://nubbekg.aksw.org/data/compound/2982,Piperol B,COC1=C[C@@](CC=C)([C@]([H])2O)[C@@](C)([H])[C@@]([H])([C@]3=CC(OC)=C(OC)C=C3)[C@@H]2[C@@]1=O,358.4281,C21H26O5,338.323,358.178,6.0,65.001,Antioxidant,Nectandra grandiflora,SP,Peruibe ,"(1S,5S,6R,7R,8S)-7-(3,4-dimethoxyphenyl)-8-hydroxy-3-methoxy-6-methyl-5-(prop-2-en-1-yl)bicyclo[3.2.1]oct-3-en-2-one","1S/C21H26O5/c1-6-9-21-11-16(26-5)19(22)18(20(21)23)17(12(21)2)13-7-8-14(24-3)15(10-13)25-4/h6-8,10-12,17-18,20,23H,1,9H2,2-5H3/t12-,17+,18-,20+,21-/m1/s1
","WHHWCIFCUMPODM-LOPMHCFQSA-N
",5.0,1.0,1.892,0.0
http://nubbekg.aksw.org/data/compound/2983,Burchellin,C=CC[C@]12C(O[C@@H]([C@@]4=CC=C3OCOC3=C4)[C@H]1C)=CC(C(OC)=C2)=O,340.3698,C20H20O5,305.89,340.13107,4.0,54.007,Antioxidant,Aniba sp. | Aniba terminalis | Nectandra grandiflora,AM | SP,Manaus  | Peruibe ,"(2R,3S,3aS)-2-(2H-1,3-benzodioxol-5-yl)-5-methoxy-3-methyl-3a-(prop-2-en-1-yl)-2,3,3a,6-tetrahydro-1-benzofuran-6-one","1S/C20H20O5/c1-4-7-20-10-17(22-3)14(21)9-18(20)25-19(12(20)2)13-5-6-15-16(8-13)24-11-23-15/h4-6,8-10,12,19H,1,7,11H2,2-3H3/t12-,19-,20-/m1/s1
","SOLJFAQVSWXZEQ-TVNIXMEMSA-N
",5.0,0.0,2.726,0.0
http://nubbekg.aksw.org/data/compound/2990,"α-L-xylopyranosyl-(4""→20)-(3-O-β-D-glucopyranosyl)-1'-O-E-caffeoyl-β-D-glucopyranoside",OC[C@H]1O[C@@H](OC2=CC(/C=C/C(O[C@@H]3O[C@@H]([C@H]([C@@H]([C@H]3O[C@@H]4[C@H]([C@@H]([C@@H](OC4)O)O)O)O)O)CO)=O)=CC=C2O)[C@@H]([C@H]([C@@H]1O)O)O,636.5532,C26H36O18,526.016,636.1902,10.0,294.983,Antioxidant,Coussarea hydrangeifolia,SP,Mogi Guacu ,"(2S,3R,4S,5S,6R)-4,5-dihydroxy-6-(hydroxymethyl)-3-{[(3S,4S,5S,6R)-4,5,6-trihydroxyoxan-3-yl]oxy}oxan-2-yl (2E)-3-(4-hydroxy-3-{[(2S,3R,4S,5S,6R)-3,4,5-trihydroxy-6-(hydroxymethyl)oxan-2-yl]oxy}phenyl)prop-2-enoate","1S/C26H36O18/c27-6-12-16(31)19(34)22(37)25(42-12)41-11-5-9(1-3-10(11)29)2-4-15(30)44-26-23(20(35)17(32)13(7-28)43-26)40-14-8-39-24(38)21(36)18(14)33/h1-5,12-14,16-29,31-38H,6-8H2/b4-2+/t12-,13-,14+,16-,17-,18-,19+,20+,21+,22-,23-,24-,25-,26+/m1/s1
","ULXNZIXJJLKCPD-JSPXEMGASA-N
",18.0,11.0,-4.06,3.0
http://nubbekg.aksw.org/data/compound/2991,"1,6-di-O-caffeoyl-β-D-glucopyranoside",OC1=CC(/C=C/C(O[C@@H]3O[C@@H]([C@H]([C@@H]([C@H]3O)O)O)COC(/C=C/C2=CC=C(C(O)=C2)O)=O)=O)=CC=C1O,504.4402,C24H24O12,421.43,504.12677,9.0,203.44,Antioxidant,Coussarea hydrangeifolia,SP,Mogi Guacu ,"[(2R,3S,4S,5R,6S)-6-{[(2E)-3-(3,4-dihydroxyphenyl)prop-2-enoyl]oxy}-3,4,5-trihydroxyoxan-2-yl]methyl (2E)-3-(3,4-dihydroxyphenyl)prop-2-enoate","1S/C24H24O12/c25-14-5-1-12(9-16(14)27)3-7-19(29)34-11-18-21(31)22(32)23(33)24(35-18)36-20(30)8-4-13-2-6-15(26)17(28)10-13/h1-10,18,21-28,31-33H,11H2/b7-3+,8-4+/t18-,21-,22+,23-,24+/m1/s1
","TZEMRDVCZWVBHT-UTTQFQDJSA-N
",12.0,7.0,1.111,3.0
http://nubbekg.aksw.org/data/compound/2992,1-O-(E)-caffeoyl-β-D-glucopyranoside,OC1=CC(/C=C/C(O[C@@H]2O[C@@H]([C@H]([C@@H]([C@H]2O)O)O)CO)=O)=CC=C1O,342.298,C15H18O9,286.619,342.0951,5.0,156.907,Antioxidant,Coussarea hydrangeifolia,SP,Mogi Guacu ,"(2S,3R,4S,5S,6R)-3,4,5-trihydroxy-6-(hydroxymethyl)oxan-2-yl (2E)-3-(3,4-dihydroxyphenyl)prop-2-enoate","1S/C15H18O9/c16-6-10-12(20)13(21)14(22)15(23-10)24-11(19)4-2-7-1-3-8(17)9(18)5-7/h1-5,10,12-18,20-22H,6H2/b4-2+/t10-,12-,13+,14-,15+/m1/s1
","WQSDYZZEIBAPIN-VBQORRLJSA-N
",9.0,6.0,-0.766,1.0
http://nubbekg.aksw.org/data/compound/2993,1-O-(E)-feruloyl-β-D-glucopyranoside,OC2=CC=C(C=C2OC)/C=C/C(O[C@@H]1O[C@@H]([C@H]([C@@H]([C@H]1O)O)O)CO)=O,356.3246,C16H20O9,304.146,356.11072,6.0,145.913,Antioxidant,Coussarea hydrangeifolia,SP,Mogi Guacu ,"(2S,3R,4S,5S,6R)-3,4,5-trihydroxy-6-(hydroxymethyl)oxan-2-yl (2E)-3-(4-hydroxy-3-methoxyphenyl)prop-2-enoate","1S/C16H20O9/c1-23-10-6-8(2-4-9(10)18)3-5-12(19)25-16-15(22)14(21)13(20)11(7-17)24-16/h2-6,11,13-18,20-22H,7H2,1H3/b5-3+/t11-,13-,14+,15-,16+/m1/s1
","JWRQVQWBNRGGPK-PMQCXRHVSA-N
",9.0,5.0,-0.458,0.0
http://nubbekg.aksw.org/data/compound/2998,"7-Methyl-sargachromenol; 2,7,8-Trimethyl-2-[(3-E,7-Z)-4,12-dimethyl-8-carboxyl-3,7,11-tridecatrienyl]-3-chromen-6-ol, β-caroteno",OC1=C(C)C(C)=C(OC(CC/C=C(C)/CC/C=C(C(O)=O)/CC/C=C(C)/C)(C)C=C2)C2=C1,438.5989,C28H38O4,443.553,438.277,10.0,66.761,Antioxidant,Iryanthera juruensis,PA,Belem ,"(2Z,6E)-9-(6-hydroxy-2,7,8-trimethyl-2H-chromen-2-yl)-6-methyl-2-(4-methylpent-3-en-1-yl)nona-2,6-dienoic acid","1/C28H38O4/c1-19(2)10-7-13-23(27(30)31)14-8-11-20(3)12-9-16-28(6)17-15-24-18-25(29)21(4)22(5)26(24)32-28/h10,12,14-15,17-18,29H,7-9,11,13,16H2,1-6H3,(H,30,31)/b20-12+,23-14-
","CEDDAIQBDLSHBB-HVZPBUQRNA-N
",4.0,2.0,8.252,1.0
http://nubbekg.aksw.org/data/compound/2999,Kaempferol-3-O-rutinoside,OC5=C4C(C(O[C@H](O[C@@H]([C@H]([C@@H]2O)O)CO[C@H]1[C@@H]([C@@H]([C@H]([C@@H](O1)C)O)O)O)[C@@H]2O)=C(OC4=CC(O)=C5)C3=CC=C(C=C3)O)=O,594.5181,C27H30O15,488.051,594.15845,6.0,249.199,Antioxidant,Chimarrhis turbinata,PA,Belem ,"5,7-dihydroxy-2-(4-hydroxyphenyl)-3-{[(2S,3R,4S,5S,6R)-3,4,5-trihydroxy-6-({[(2R,3R,4R,5R,6S)-3,4,5-trihydroxy-6-methyloxan-2-yl]oxy}methyl)oxan-2-yl]oxy}-4H-chromen-4-one","1S/C27H30O15/c1-9-17(31)20(34)22(36)26(39-9)38-8-15-18(32)21(35)23(37)27(41-15)42-25-19(33)16-13(30)6-12(29)7-14(16)40-24(25)10-2-4-11(28)5-3-10/h2-7,9,15,17-18,20-23,26-32,34-37H,8H2,1H3/t9-,15+,17-,18+,20+,21-,22+,23+,26+,27-/m0/s1
","RTATXGUCZHCSNG-QHWHWDPRSA-N
",15.0,9.0,-0.574,3.0
http://nubbekg.aksw.org/data/compound/3000,Kaempferol-3-O-α-L-rhamnopyranosyl-(1→6)-β-D-galactopyranoside,OC5=C4C(C(O[C@H](O[C@@H]([C@@H]([C@@H]2O)O)CO[C@H](O[C@H]([C@@H]([C@H]1O)O)C)[C@@H]1O)[C@@H]2O)=C(OC4=CC(O)=C5)C3=CC=C(C=C3)O)=O,594.5181,C27H30O15,488.051,594.15845,6.0,249.199,Antioxidant,Chimarrhis turbinata,PA,Belem ,"5,7-dihydroxy-2-(4-hydroxyphenyl)-3-{[(2S,3R,4S,5R,6R)-3,4,5-trihydroxy-6-({[(2R,3R,4R,5R,6S)-3,4,5-trihydroxy-6-methyloxan-2-yl]oxy}methyl)oxan-2-yl]oxy}-4H-chromen-4-one","1S/C27H30O15/c1-9-17(31)20(34)22(36)26(39-9)38-8-15-18(32)21(35)23(37)27(41-15)42-25-19(33)16-13(30)6-12(29)7-14(16)40-24(25)10-2-4-11(28)5-3-10/h2-7,9,15,17-18,20-23,26-32,34-37H,8H2,1H3/t9-,15+,17-,18-,20+,21-,22+,23+,26+,27-/m0/s1
","RTATXGUCZHCSNG-KYGWAIEOSA-N
",15.0,9.0,-0.574,3.0
http://nubbekg.aksw.org/data/compound/3001,Quercetin-3-O-α-L-rhamnopyranosyl-(1→6)-β-D-galactopyranoside,OC5=C4C(C(O[C@H](O[C@@H]([C@@H]([C@@H]2O)O)CO[C@H]1[C@@H]([C@@H]([C@H]([C@@H](O1)C)O)O)O)[C@@H]2O)=C(OC4=CC(O)=C5[H])C3=CC=C(C(O)=C3)O)=O,610.5175,C27H30O16,496.068,610.1534,6.0,269.427,Antioxidant,Chimarrhis turbinata,PA,Belem ,"2-(3,4-dihydroxyphenyl)-5,7-dihydroxy-3-{[(2S,3R,4S,5R,6R)-3,4,5-trihydroxy-6-({[(2R,3R,4R,5R,6S)-3,4,5-trihydroxy-6-methyloxan-2-yl]oxy}methyl)oxan-2-yl]oxy}-4H-chromen-4-one","1S/C27H30O16/c1-8-17(32)20(35)22(37)26(40-8)39-7-15-18(33)21(36)23(38)27(42-15)43-25-19(34)16-13(31)5-10(28)6-14(16)41-24(25)9-2-3-11(29)12(30)4-9/h2-6,8,15,17-18,20-23,26-33,35-38H,7H2,1H3/t8-,15+,17-,18-,20+,21-,22+,23+,26+,27-/m0/s1
","IKGXIBQEEMLURG-IEBISRBZSA-N
",16.0,10.0,-1.063,3.0
http://nubbekg.aksw.org/data/compound/3002,6-Hydroxy-rutin,OC5=C4C(C(O[C@@H]2O[C@@H]([C@H]([C@@H]([C@H]2O)O)O)CO[C@@H]1O[C@H]([C@@H]([C@H]([C@H]1O)O)O)C)=C(OC4=CC(O)=C5O)C3=CC=C(C(O)=C3)O)=O,626.5169,C27H30O17,504.086,626.1483,6.0,289.655,Antioxidant,Chimarrhis turbinata,PA,Belem ,"2-(3,4-dihydroxyphenyl)-5,6,7-trihydroxy-3-{[(2S,3R,4S,5S,6R)-3,4,5-trihydroxy-6-({[(2R,3R,4R,5R,6S)-3,4,5-trihydroxy-6-methyloxan-2-yl]oxy}methyl)oxan-2-yl]oxy}-4H-chromen-4-one","1S/C27H30O17/c1-7-15(31)20(36)22(38)26(41-7)40-6-13-17(33)21(37)23(39)27(43-13)44-25-19(35)14-12(5-11(30)16(32)18(14)34)42-24(25)8-2-3-9(28)10(29)4-8/h2-5,7,13,15,17,20-23,26-34,36-39H,6H2,1H3/t7-,13+,15-,17+,20+,21-,22+,23+,26+,27-/m0/s1
","JJGRMQWUXKVOLM-DBHLLKKXSA-N
",17.0,11.0,-1.323,3.0
http://nubbekg.aksw.org/data/compound/3003,Kaempferol-3-O-D-galactopyranoside,OC4=C3C(C(O[C@H](O[C@@H]([C@@H]([C@@H]1O)O)CO)[C@@H]1O)=C(OC3=CC(O)=C4)C2=CC=C(C=C2)O)=O,448.3769,C21H20O11,364.188,448.10056,4.0,190.275,Antioxidant,Chimarrhis turbinata,PA,Belem ,"5,7-dihydroxy-2-(4-hydroxyphenyl)-3-{[(2S,3R,4S,5R,6R)-3,4,5-trihydroxy-6-(hydroxymethyl)oxan-2-yl]oxy}-4H-chromen-4-one","1S/C21H20O11/c22-7-13-15(26)17(28)18(29)21(31-13)32-20-16(27)14-11(25)5-10(24)6-12(14)30-19(20)8-1-3-9(23)4-2-8/h1-6,13,15,17-18,21-26,28-29H,7H2/t13-,15+,17+,18-,21+/m1/s1
","JPUKWEQWGBDDQB-DTGCRPNFSA-N
",11.0,7.0,0.125,2.0
http://nubbekg.aksw.org/data/compound/3004,Kaempferol-3-O-D-glucopyranoside,OC4=C3C(C(O[C@H](O[C@@H]([C@H]([C@@H]1O)O)CO)[C@@H]1O)=C(OC3=CC(O)=C4)C2=CC=C(C=C2)O)=O,448.3769,C21H20O11,364.188,448.10056,4.0,190.275,Antioxidant,Chimarrhis turbinata,PA,Belem ,"5,7-dihydroxy-2-(4-hydroxyphenyl)-3-{[(2S,3R,4S,5S,6R)-3,4,5-trihydroxy-6-(hydroxymethyl)oxan-2-yl]oxy}-4H-chromen-4-one","1S/C21H20O11/c22-7-13-15(26)17(28)18(29)21(31-13)32-20-16(27)14-11(25)5-10(24)6-12(14)30-19(20)8-1-3-9(23)4-2-8/h1-6,13,15,17-18,21-26,28-29H,7H2/t13-,15-,17+,18-,21+/m1/s1
","JPUKWEQWGBDDQB-QSOFNFLRSA-N
",11.0,7.0,0.125,2.0
http://nubbekg.aksw.org/data/compound/3005,Kaempferol-3-O-α-L-rhamnopyranosyl-(1-6)-α-L-rhamnopyranosyl-(1-4)-β-D-glucopyranoside,OC6=C5C(C(O[C@H](O[C@@H]([C@H]([C@@H]3O)O[C@H]2[C@@H]([C@@H]([C@H]([C@@H](O2)CO[C@H]1[C@@H]([C@@H]([C@H]([C@@H](O1)C)O)O)O)O)O)O)CO)[C@@H]3O)=C(OC5=CC(O)=C6[H])C4=CC=C(C([H])=C4)O)=O,756.6587,C33H40O20,620.172,756.2113,9.0,328.351,Antioxidant,Chimarrhis turbinata,PA,Belem ,"3-{[(2S,3R,4R,5S,6R)-3,4-dihydroxy-6-(hydroxymethyl)-5-{[(2S,3R,4R,5R,6S)-3,4,5-trihydroxy-6-({[(2R,3R,4R,5R,6S)-3,4,5-trihydroxy-6-methyloxan-2-yl]oxy}methyl)oxan-2-yl]oxy}oxan-2-yl]oxy}-5,7-dihydroxy-2-(4-hydroxyphenyl)-4H-chromen-4-one","1S/C33H40O20/c1-10-19(38)22(41)25(44)31(48-10)47-9-17-20(39)23(42)26(45)32(51-17)52-29-16(8-34)50-33(27(46)24(29)43)53-30-21(40)18-14(37)6-13(36)7-15(18)49-28(30)11-2-4-12(35)5-3-11/h2-7,10,16-17,19-20,22-27,29,31-39,41-46H,8-9H2,1H3/t10-,16+,17-,19-,20-,22+,23+,24+,25+,26+,27+,29+,31+,32-,33-/m0/s1
","ROHKXIYITDSHAJ-GZMWNWTGSA-N
",20.0,12.0,-2.499,3.0
http://nubbekg.aksw.org/data/compound/3006,"Catechin, Ent-catechin",O[C@@H]1[C@H](Oc2c(C1)c(O)cc(c2)O)c1cc(O)c(cc1)O,290.2681,C15H14O6,244.141,290.07904,1.0,110.374,Antileishmanial | Antioxidant,Byrsonima coccolobifolia | Cedrela fissilis | Cedrela odorata | Chimarrhis turbinata | Dimorphandra mollis,MG | PA | SP,Belem  | Rio Claro  | Sao Carlos  | Vicosa ,"(2R,3S)-2-(3,4-dihydroxyphenyl)-3,4-dihydro-2H-1-benzopyran-3,5,7-triol","1S/C15H14O6/c16-8-4-11(18)9-6-13(20)15(21-14(9)5-8)7-1-2-10(17)12(19)3-7/h1-5,13,15-20H,6H2/t13-,15+/m0/s1
","PFTAWBLQPZVEMU-DZGCQCFKSA-N
",6.0,5.0,1.369,0.0
http://nubbekg.aksw.org/data/compound/3007,Procyanidin B-3,OC6=CC(O)=C5[C@H]([C@@H]([C@H](OC5=C6)[C@]4=CC=C(C(O)=C4)O)O)[C@@]3=C2C(C[C@@H]([C@H](O2)[C@@]1=CC=C(C(O)=C1)O)O)=C(C=C3O)O,578.5202,C30H26O12,475.673,578.14246,3.0,220.748,Antioxidant,Chimarrhis turbinata,PA,Belem ,"(2R,3S,4S)-2-(3,4-dihydroxyphenyl)-4-[(2R,3S)-2-(3,4-dihydroxyphenyl)-3,5,7-trihydroxy-3,4-dihydro-2H-1-benzopyran-8-yl]-3,4-dihydro-2H-1-benzopyran-3,5,7-triol","1S/C30H26O12/c31-13-7-20(37)24-23(8-13)41-29(12-2-4-16(33)19(36)6-12)27(40)26(24)25-21(38)10-17(34)14-9-22(39)28(42-30(14)25)11-1-3-15(32)18(35)5-11/h1-8,10,22,26-29,31-40H,9H2/t22-,26-,27-,28+,29+/m0/s1
","XFZJEEAOWLFHDH-AVFWISQGSA-N
",12.0,10.0,2.581,3.0
http://nubbekg.aksw.org/data/compound/3084,Proanthocyanidin,OC1=CC(O)=C([C@H]([C@@]4=C(O)C=C(O)C5=C4O[C@H]([C@]6=CC(O)=C(O)C=C6)[C@H](O)C5)[C@@H](O)[C@@H]([C@]3=CC(O)=C(O)C=C3)O2)C2=C1,578.5202,C30H26O12,475.673,578.14246,3.0,220.748,Antioxidant,Maytenus aquifolium,SP,Ribeirao Preto ,"(2R,3R,4R)-2-(3,4-dihydroxyphenyl)-4-[(2R,3R)-2-(3,4-dihydroxyphenyl)-3,5,7-trihydroxy-3,4-dihydro-2H-1-benzopyran-8-yl]-3,4-dihydro-2H-1-benzopyran-3,5,7-triol","1S/C30H26O12/c31-13-7-20(37)24-23(8-13)41-29(12-2-4-16(33)19(36)6-12)27(40)26(24)25-21(38)10-17(34)14-9-22(39)28(42-30(14)25)11-1-3-15(32)18(35)5-11/h1-8,10,22,26-29,31-40H,9H2/t22-,26-,27-,28-,29-/m1/s1
","XFZJEEAOWLFHDH-NFJBMHMQSA-N
",12.0,10.0,2.581,3.0
http://nubbekg.aksw.org/data/compound/3085,Kaempferol 3-O-α-L-rhamnopyranosyl (1→6)-O-[β -D-glucopyranosyl (1→3)-O-α-L-rhamnopyranosyl-(1→2)]-O-β -D-glucopyranosyl,OC2=CC(O)=C1C(C(O[C@@H]([C@@H]3O[C@H]4[C@H](O)[C@H](O[C@@H]([C@@H]6O)O[C@H](CO[C@H]5[C@H](O)[C@H](O)[C@@H](O)[C@H](C)O5)[C@@H](O)[C@@H]6O)[C@@H](O)[C@H](C)O4)O[C@H](CO)[C@@H](O)[C@@H]3O)=C(C7=CC=C(O)C=C7)OC1=C2)=O,902.7999,C39H50O24,744.035,902.2692,11.0,387.275,Antioxidant,Maytenus aquifolium,SP,Ribeirao Preto ,"3-{[(2S,3R,4S,5S,6R)-3-{[(2S,3R,4R,5S,6S)-3,5-dihydroxy-6-methyl-4-{[(2S,3R,4S,5S,6R)-3,4,5-trihydroxy-6-({[(2R,3R,4R,5R,6S)-3,4,5-trihydroxy-6-methyloxan-2-yl]oxy}methyl)oxan-2-yl]oxy}oxan-2-yl]oxy}-4,5-dihydroxy-6-(hydroxymethyl)oxan-2-yl]oxy}-5,7-dihydroxy-2-(4-hydroxyphenyl)-4H-chromen-4-one","1S/C39H50O24/c1-11-21(44)26(49)29(52)36(56-11)55-10-19-24(47)27(50)30(53)37(60-19)61-33-22(45)12(2)57-38(31(33)54)63-35-28(51)23(46)18(9-40)59-39(35)62-34-25(48)20-16(43)7-15(42)8-17(20)58-32(34)13-3-5-14(41)6-4-13/h3-8,11-12,18-19,21-24,26-31,33,35-47,49-54H,9-10H2,1-2H3/t11-,12-,18+,19+,21-,22-,23+,24+,26+,27-,28-,29+,30+,31+,33+,35+,36+,37-,38-,39-/m0/s1
","JZYJKFSLZORUHU-MXOVRRHFSA-N
",24.0,14.0,-3.198,3.0
http://nubbekg.aksw.org/data/compound/3086,Quercetin 3-O-α-L-rhamnopyranosyl (1→6)-O-[β -D-glucopyranosyl (1→3)-O-α-L-rhamnopyranosyl-(1→2)]-O-β -D-glucopyranosyl,OC2=CC(O)=C1C(C(O[C@@H]([C@@H]3O[C@H]4[C@H](O)[C@H](O[C@@H]([C@@H]6O)O[C@H](CO[C@H]5[C@H](O)[C@H](O)[C@@H](O)[C@H](C)O5)[C@@H](O)[C@@H]6O)[C@@H](O)[C@H](C)O4)O[C@H](CO)[C@@H](O)[C@@H]3O)=C(C7=CC=C(O)C(O)=C7)OC1=C2)=O,918.7993,C39H50O25,752.052,918.2641,11.0,407.503,Antioxidant,Maytenus aquifolium,SP,Ribeirao Preto ,"3-{[(2S,3R,4S,5S,6R)-3-{[(2S,3R,4R,5S,6S)-3,5-dihydroxy-6-methyl-4-{[(2S,3R,4S,5S,6R)-3,4,5-trihydroxy-6-({[(2R,3R,4R,5R,6S)-3,4,5-trihydroxy-6-methyloxan-2-yl]oxy}methyl)oxan-2-yl]oxy}oxan-2-yl]oxy}-4,5-dihydroxy-6-(hydroxymethyl)oxan-2-yl]oxy}-2-(3,4-dihydroxyphenyl)-5,7-dihydroxy-4H-chromen-4-one","1S/C39H50O25/c1-10-21(45)26(50)29(53)36(57-10)56-9-19-24(48)27(51)30(54)37(61-19)62-33-22(46)11(2)58-38(31(33)55)64-35-28(52)23(47)18(8-40)60-39(35)63-34-25(49)20-16(44)6-13(41)7-17(20)59-32(34)12-3-4-14(42)15(43)5-12/h3-7,10-11,18-19,21-24,26-31,33,35-48,50-55H,8-9H2,1-2H3/t10-,11-,18+,19+,21-,22-,23+,24+,26+,27-,28-,29+,30+,31+,33+,35+,36+,37-,38-,39-/m0/s1
","RPVRWBAOHGXARW-OOPHAMHDSA-N
",25.0,15.0,-3.687,3.0
http://nubbekg.aksw.org/data/compound/3087,"Chlorogenic acid methyl ester, Methyl (1S,3R,4R,5R)-3-{[(2E)-3-(3,4-dihydroxyphenyl)-2-propenoyl]oxy}-1,4,5-trihydroxycyclohexanecarboxylate",OC2=CC=C(C=C2O)/C=C/C(O[C@H]1[C@@H]([C@@H](C[C@](O)(C1)[C@@](OC)=O)O)O)=O,368.3353,C17H20O9,313.795,368.11072,6.0,153.75,Antioxidant,Chimarrhis turbinata,PA,Belem ,"methyl (1S,3R,4R,5R)-3-{[(2E)-3-(3,4-dihydroxyphenyl)prop-2-enoyl]oxy}-1,4,5-trihydroxycyclohexane-1-carboxylate","1S/C17H20O9/c1-25-16(23)17(24)7-12(20)15(22)13(8-17)26-14(21)5-3-9-2-4-10(18)11(19)6-9/h2-6,12-13,15,18-20,22,24H,7-8H2,1H3/b5-3+/t12-,13-,15-,17+/m1/s1
","MZNIJRAPCCELQX-AWOKGZDASA-N
",9.0,5.0,0.163,0.0
http://nubbekg.aksw.org/data/compound/3092,"2-(2'-O-trans-caffeoyl)-C-β-D-glucopyranosyl-1,3,6,7-tetrahydroxyxanthone",OC1=CC(OC(C=C([C@]([C@@H]4O[C@@H]([C@H]([C@@H]([C@H]4OC(/C=C/C5=CC(O)=C(C=C5)O)=O)O)O)CO)=C3O)O)=C3C2=O)=C2C=C1O,584.4818,C28H24O14,470.615,584.1166,6.0,247.802,Antioxidant,Arrabidaea samydoides,SP,Mogi Guacu ,"(2S,3R,4S,5S,6R)-4,5-dihydroxy-6-(hydroxymethyl)-2-(1,3,6,7-tetrahydroxy-9-oxo-9H-xanthen-2-yl)oxan-3-yl (2E)-3-(3,4-dihydroxyphenyl)prop-2-enoate","1S/C28H24O14/c29-9-19-24(37)26(39)28(42-20(35)4-2-10-1-3-12(30)13(31)5-10)27(41-19)21-16(34)8-18-22(25(21)38)23(36)11-6-14(32)15(33)7-17(11)40-18/h1-8,19,24,26-34,37-39H,9H2/b4-2+/t19-,24-,26+,27+,28-/m1/s1
","KJGSFWHQWXCZRH-GIPHEDKVSA-N
",14.0,9.0,1.715,3.0
http://nubbekg.aksw.org/data/compound/3093,"2-(2'-O-trans-cinnamoyl)-C-β-D-glucopyranosyl-1,3,6,7-tetrahydroxyxanthone",OC1=CC(OC(C=C([C@]([C@@H]4O[C@@H]([C@H]([C@@H]([C@H]4OC(/C=C/C5=CC=CC=C5)=O)O)O)CO)=C3O)O)=C3C2=O)=C2C=C1O,552.483,C28H24O12,454.58,552.1268,6.0,207.346,Antioxidant,Arrabidaea samydoides,SP,Mogi Guacu ,"(2S,3R,4S,5S,6R)-4,5-dihydroxy-6-(hydroxymethyl)-2-(1,3,6,7-tetrahydroxy-9-oxo-9H-xanthen-2-yl)oxan-3-yl (2E)-3-phenylprop-2-enoate","1S/C28H24O12/c29-11-19-24(35)26(37)28(40-20(33)7-6-12-4-2-1-3-5-12)27(39-19)21-16(32)10-18-22(25(21)36)23(34)13-8-14(30)15(31)9-17(13)38-18/h1-10,19,24,26-32,35-37H,11H2/b7-6+/t19-,24-,26+,27+,28-/m1/s1
","WSTDGCUXRJQNCC-WLAZBUHESA-N
",12.0,7.0,2.684,3.0
http://nubbekg.aksw.org/data/compound/3094,"2-(2'-O-transcoumaroyl)-C-β-D-glucopyranosyl-1,3,6,7-tetrahydroxyxanthone",OC1=CC(OC(C=C([C@]([C@@H]4O[C@@H]([C@H]([C@@H]([C@H]4OC(/C=C/C5=CC=C(C=C5)O)=O)O)O)CO)=C3O)O)=C3C2=O)=C2C=C1O,568.4824,C28H24O13,462.598,568.1217,6.0,227.574,Antioxidant,Arrabidaea samydoides,SP,Mogi Guacu ,"(2S,3R,4S,5S,6R)-4,5-dihydroxy-6-(hydroxymethyl)-2-(1,3,6,7-tetrahydroxy-9-oxo-9H-xanthen-2-yl)oxan-3-yl (2E)-3-(4-hydroxyphenyl)prop-2-enoate","1S/C28H24O13/c29-10-19-24(36)26(38)28(41-20(34)6-3-11-1-4-12(30)5-2-11)27(40-19)21-16(33)9-18-22(25(21)37)23(35)13-7-14(31)15(32)8-17(13)39-18/h1-9,19,24,26-33,36-38H,10H2/b6-3+/t19-,24-,26+,27+,28-/m1/s1
","IEOFCWJJHJJKMH-CUZKZROISA-N
",13.0,8.0,2.205,3.0
http://nubbekg.aksw.org/data/compound/3095,Mangiferin,OC1=CC(OC(C=C([C@]([C@@H]4O[C@@H]([C@H]([C@@H]([C@H]4O)O)O)CO)=C3O)O)=C3C2=O)=C2C=C1O,422.3396,C19H18O11,335.804,422.0849,2.0,201.269,Antioxidant,Arrabidaea samydoides,SP,Mogi Guacu ,"1,3,6,7-tetrahydroxy-2-[(2S,3R,4R,5S,6R)-3,4,5-trihydroxy-6-(hydroxymethyl)oxan-2-yl]-9H-xanthen-9-one","1S/C19H18O11/c20-4-11-15(25)17(27)18(28)19(30-11)12-8(23)3-10-13(16(12)26)14(24)5-1-6(21)7(22)2-9(5)29-10/h1-3,11,15,17-23,25-28H,4H2/t11-,15-,17+,18-,19+/m1/s1
","AEDDIBAIWPIIBD-ZJKJAXBQSA-N
",11.0,8.0,-0.162,2.0
http://nubbekg.aksw.org/data/compound/3096,"2-(2'-O-benzoyl)-C-β-D-glucopyranosyl-1,3,6,7-tetrahydroxyxanthone",OC1=CC(OC(C=C([C@]([C@@H]4O[C@@H]([C@H]([C@@H]([C@H]4OC(C5=CC=CC=C5)=O)O)O)CO)=C3O)O)=C3C2=O)=C2C=C1O,526.4457,C26H22O12,427.163,526.11115,5.0,207.346,Antioxidant,Arrabidaea samydoides,SP,Mogi Guacu ,"(2S,3R,4S,5S,6R)-4,5-dihydroxy-6-(hydroxymethyl)-2-(1,3,6,7-tetrahydroxy-9-oxo-9H-xanthen-2-yl)oxan-3-yl benzoate","1S/C26H22O12/c27-9-17-21(32)23(34)25(38-26(35)10-4-2-1-3-5-10)24(37-17)18-14(30)8-16-19(22(18)33)20(31)11-6-12(28)13(29)7-15(11)36-16/h1-8,17,21,23-25,27-30,32-34H,9H2/t17-,21-,23+,24+,25-/m1/s1
","AVPLATUJXHPZBU-FUFTYFEXSA-N
",12.0,7.0,2.266,3.0
http://nubbekg.aksw.org/data/compound/3097,Muraxanthone,OC1=CC(OC(C=C([C@]([C@@H]4O[C@@H]([C@H]([C@@H]([C@H]4OC(C5=CC=C(C=C5)O)=O)O)O)CO)=C3O)O)=C3C2=O)=C2C=C1O,542.4451,C26H22O13,435.181,542.106,5.0,227.574,Antioxidant,Arrabidaea samydoides,SP,Mogi Guacu ,"(2S,3R,4S,5S,6R)-4,5-dihydroxy-6-(hydroxymethyl)-2-(1,3,6,7-tetrahydroxy-9-oxo-9H-xanthen-2-yl)oxan-3-yl 4-hydroxybenzoate","1S/C26H22O13/c27-8-17-21(33)23(35)25(39-26(36)9-1-3-10(28)4-2-9)24(38-17)18-14(31)7-16-19(22(18)34)20(32)11-5-12(29)13(30)6-15(11)37-16/h1-7,17,21,23-25,27-31,33-35H,8H2/t17-,21-,23+,24+,25-/m1/s1
","WVLYNCZFGCFUAG-FUFTYFEXSA-N
",13.0,8.0,1.787,3.0
http://nubbekg.aksw.org/data/compound/3104,22β-hydroxypristimerin,O=C2C(O)=C(C)C1=CC=C([C@](CC[C@]5(C)[C@]([H])4C[C@](C)([C@@](OC)=O)C[C@@](O)5C)(C)[C@@]4(C)CC3)[C@]3(C)C1=C2,494.6622,C31H42O5,480.229,494.30322,2.0,83.832,Antioxidant,Cheiloclinium cognatum,GO,Goiania ,"methyl (2S,4R,4aR,12bR,14aS,14bS)-4,10-dihydroxy-2,4,4a,6a,9,12b,14a-heptamethyl-11-oxo-1,2,3,4,4a,5,6,6a,11,12b,13,14,14a,14b-tetradecahydropicene-2-carboxylate","1S/C31H42O5/c1-18-19-9-10-22-27(3,20(19)15-21(32)24(18)33)11-12-29(5)23-16-26(2,25(34)36-8)17-31(7,35)30(23,6)14-13-28(22,29)4/h9-10,15,23,33,35H,11-14,16-17H2,1-8H3/t23-,26-,27-,28?,29-,30+,31+/m0/s1
","MHNISCKQPOFKLG-QHPDNALXSA-N
",5.0,2.0,5.205,1.0
http://nubbekg.aksw.org/data/compound/3105,Cognatine,OC1=CC2=C(C(C=C3[C@](C)2CC[C@]4(C)C3=C(C)C[C@]5(C)[C@]([H])4C[C@](C)([C@@](OC)=O)[C@@H](O)C5=O)=O)C(C)=C1OC,522.6292,C31H38O7,485.83,522.2618,3.0,110.137,Antioxidant,Cheiloclinium cognatum,GO,Goiania ,"methyl (2S,3R,4aR,12bR,14aS,14bS)-3,11-dihydroxy-10-methoxy-2,4a,6,9,12b,14a-hexamethyl-4,8-dioxo-1,2,3,4,4a,5,8,12b,13,14,14a,14b-dodecahydropicene-2-carboxylate","1S/C31H38O7/c1-15-13-30(5)21(14-31(6,27(36)38-8)26(35)25(30)34)29(4)10-9-28(3)17-11-20(33)24(37-7)16(2)22(17)19(32)12-18(28)23(15)29/h11-12,21,26,33,35H,9-10,13-14H2,1-8H3/t21-,26-,28-,29-,30+,31-/m0/s1
","UEULPUBYHGYCFW-LEUGNMFFSA-N
",7.0,2.0,4.487,1.0
http://nubbekg.aksw.org/data/compound/3107,Netzahualcoyonol,O=C2C(O)=C(C)C1=CC=C(C3=C(C)C[C@](C[C@H](O)[C@@](C)([C@@](OC)=O)C5)(C)[C@]5([H])[C@@](C)3CC4)[C@]4(C)C1=C2,478.6197,C30H38O5,458.103,478.2719,2.0,83.832,Antioxidant,Cheiloclinium cognatum,GO,Goiania ,"methyl (2S,3S,12bS,14aS,14bR)-3,10-dihydroxy-2,4a,6,9,12b,14a-hexamethyl-11-oxo-1,2,3,4,4a,5,11,12b,13,14,14a,14b-dodecahydropicene-2-carboxylate","1S/C30H38O5/c1-16-13-27(3)15-23(32)30(6,26(34)35-7)14-22(27)29(5)11-10-28(4)19(24(16)29)9-8-18-17(2)25(33)21(31)12-20(18)28/h8-9,12,22-23,32-33H,10-11,13-15H2,1-7H3/t22-,23+,27?,28-,29+,30+/m1/s1
","AKILTDMBUDIAST-GIEYBNHKSA-N
",5.0,2.0,4.878,0.0
http://nubbekg.aksw.org/data/compound/3108,Netzahualcoyondiol,O=C5C(O)=C(C4=CC=C3C2=C(C[C@@]1(C)[C@@H]([C@@H]([C@@]([C@@](OC)=O)(C[C@@]([C@](CC[C@@](C4=C5)3C)2C)1[H])C)O)O)C)C,494.6191,C30H38O6,466.147,494.26685,2.0,104.06,Antioxidant,Cheiloclinium cognatum,GO,Goiania ,"methyl (3R,4S,4aR,12bS,14aS,14bS)-3,4,10-trihydroxy-2,4a,6,9,12b,14a-hexamethyl-11-oxo-1,2,3,4,4a,5,11,12b,13,14,14a,14b-dodecahydropicene-2-carboxylate","1S/C30H38O6/c1-15-13-29(5)21(14-30(6,26(35)36-7)25(34)24(29)33)28(4)11-10-27(3)18(22(15)28)9-8-17-16(2)23(32)20(31)12-19(17)27/h8-9,12,21,24-25,32-34H,10-11,13-14H2,1-7H3/t21-,24+,25-,27+,28-,29+,30?/m0/s1
","APGPWXZLGUDEGW-YPWNTAFOSA-N
",6.0,3.0,3.963,0.0
http://nubbekg.aksw.org/data/compound/3109,Netzahualcoyone,O=C2C(O)=C(C)C1=CC=C(C3=C(C)C[C@](C([C@H](O)[C@@](C)([C@@](OC)=O)C5)=O)(C)[C@]5([H])[C@@](C)3CC4)[C@]4(C)C1=C2,492.6032,C30H36O6,460.285,492.2512,2.0,100.903,Antioxidant,Cheiloclinium cognatum | Salacia campestris,GO | SP,Goiania  | Ribeirao Preto  | Sao Carlos ,"methyl (2S,3R,12bS,14aS,14bS)-3,10-dihydroxy-2,4a,6,9,12b,14a-hexamethyl-4,11-dioxo-1,2,3,4,4a,5,11,12b,13,14,14a,14b-dodecahydropicene-2-carboxylate","1S/C30H36O6/c1-15-13-29(5)21(14-30(6,26(35)36-7)25(34)24(29)33)28(4)11-10-27(3)18(22(15)28)9-8-17-16(2)23(32)20(31)12-19(17)27/h8-9,12,21,25,32,34H,10-11,13-14H2,1-7H3/t21-,25-,27+,28-,29?,30-/m0/s1
","JBKXDADFFNVBTG-UDEFCZFDSA-N
",6.0,2.0,3.777,0.0
http://nubbekg.aksw.org/data/compound/4146,Methyl gallate,O=C(OC)C1=CC(O)=C(O)C(O)=C1,184.1461,C8H8O5,152.626,184.03717,2.0,86.989,Anti-inflamatory | Antioxidant,Alchornea glandulosa,SP,Mogi Guacu ,"methyl 3,4,5-trihydroxybenzoate","1S/C8H8O5/c1-13-8(12)4-2-5(9)7(11)6(10)3-4/h2-3,9-11H,1H3
","FBSFWRHWHYMIOG-UHFFFAOYSA-N
",5.0,3.0,0.848,0.0
http://nubbekg.aksw.org/data/compound/4150,n-Propyl gallate,O=C(OCCC)C1=CC(O)=C(O)C(O)=C1,212.1993,C10H12O5,186.23,212.06847,4.0,86.989,Anti-inflamatory | Antioxidant,Alchornea glandulosa,SP,Mogi Guacu ,"propyl 3,4,5-trihydroxybenzoate","1S/C10H12O5/c1-2-3-15-10(14)6-4-7(11)9(13)8(12)5-6/h4-5,11-13H,2-3H2,1H3
","ZTHYODDOHIVTJV-UHFFFAOYSA-N
",5.0,3.0,1.727,0.0
http://nubbekg.aksw.org/data/compound/4162,Lauryl gallate,O=C(OCCCCCCCCCCCC)C1=CC(O)=C(O)C(O)=C1,338.4385,C19H30O5,337.446,338.20932,13.0,86.989,Antioxidant,Alchornea glandulosa,SP,Mogi Guacu ,"dodecyl 3,4,5-trihydroxybenzoate","1S/C19H30O5/c1-2-3-4-5-6-7-8-9-10-11-12-24-19(23)15-13-16(20)18(22)17(21)14-15/h13-14,20-22H,2-12H2,1H3
","RPWFJAMTCNSJKK-UHFFFAOYSA-N
",5.0,3.0,6.328,1.0
http://nubbekg.aksw.org/data/compound/4164,p-Coumaric acid,OC1=CC=C(/C=C/C(O)=O)C=C1,164.158,C9H8O3,146.479,164.04735,2.0,57.527,Antioxidant | Inhibition of Glycosidase,Citrus sp.,,,(2E)-3-(4-hydroxyphenyl)prop-2-enoic acid,"1S/C9H8O3/c10-8-4-1-7(2-5-8)3-6-9(11)12/h1-6,10H,(H,11,12)/b6-3+
","NGSWKAQJJWESNS-ZZXKWVIFSA-N
",3.0,2.0,1.43,0.0
http://nubbekg.aksw.org/data/compound/4185,Epi-guaiacin,C[C@H]2[C@@H](C)[C@@H]([C@@]3=CC=C(O)C(OC)=C3)C1=CC(O)=C(OC)C=C1C2,328.4022,C20H24O4,312.144,328.16745,3.0,58.924,Antioxidant,Iryanthera juruensis,PA,Belem ,"(6R,7R,8S)-8-(4-hydroxy-3-methoxyphenyl)-3-methoxy-6,7-dimethyl-5,6,7,8-tetrahydronaphthalen-2-ol","1S/C20H24O4/c1-11-7-14-9-19(24-4)17(22)10-15(14)20(12(11)2)13-5-6-16(21)18(8-13)23-3/h5-6,8-12,20-22H,7H2,1-4H3/t11-,12-,20+/m1/s1
","TZAAYUCUPIYQBR-HTGLOVNISA-N
",4.0,2.0,3.641,0.0
http://nubbekg.aksw.org/data/compound/4187,Verrucosin,OC1=CC=[C@]([C@@H]2[C@@H](C)[C@H](C)[C@H]([C@]3=CC(OC)=C(O)C=C3)O2)C=C1OC,344.4016,C20H24O5,321.155,344.16238,4.0,68.158,Antioxidant,Iryanthera juruensis,PA,Belem ,"4-[(2S,3S,4S,5R)-5-(4-hydroxy-3-methoxyphenyl)-3,4-dimethyloxolan-2-yl]-2-methoxyphenol","1S/C20H24O5/c1-11-12(2)20(14-6-8-16(22)18(10-14)24-4)25-19(11)13-5-7-15(21)17(9-13)23-3/h5-12,19-22H,1-4H3/t11-,12-,19-,20+/m0/s1
","GMXMKSFJQLFOSO-HKKFXGGESA-N
",5.0,2.0,3.493,0.0
http://nubbekg.aksw.org/data/compound/4189,Nectandrin B,OC1=CC=[C@]([C@@H]2[C@@H](C)[C@@H](C)[C@H]([C@]3=CC(OC)=C(O)C=C3)O2)C=C1OC,344.4016,C20H24O5,321.155,344.16238,4.0,68.158,Antioxidant,Iryanthera juruensis,PA,Belem ,"4-[(2S,3S,4R,5R)-5-(4-hydroxy-3-methoxyphenyl)-3,4-dimethyloxolan-2-yl]-2-methoxyphenol","1S/C20H24O5/c1-11-12(2)20(14-6-8-16(22)18(10-14)24-4)25-19(11)13-5-7-15(21)17(9-13)23-3/h5-12,19-22H,1-4H3/t11-,12+,19-,20+
","GMXMKSFJQLFOSO-JARDSOJUSA-N
",5.0,2.0,3.493,0.0
